CREATE DATABASE  IF NOT EXISTS `nat_park_db` /*!40100 DEFAULT CHARACTER SET utf8mb3 */ /*!80016 DEFAULT ENCRYPTION='N' */;
USE `nat_park_db`;
-- MySQL dump 10.13  Distrib 8.0.43, for macos15 (x86_64)
--
-- Host: localhost    Database: nat_park_db
-- ------------------------------------------------------
-- Server version	9.4.0

/*!40101 SET @OLD_CHARACTER_SET_CLIENT=@@CHARACTER_SET_CLIENT */;
/*!40101 SET @OLD_CHARACTER_SET_RESULTS=@@CHARACTER_SET_RESULTS */;
/*!40101 SET @OLD_COLLATION_CONNECTION=@@COLLATION_CONNECTION */;
/*!50503 SET NAMES utf8 */;
/*!40103 SET @OLD_TIME_ZONE=@@TIME_ZONE */;
/*!40103 SET TIME_ZONE='+00:00' */;
/*!40014 SET @OLD_UNIQUE_CHECKS=@@UNIQUE_CHECKS, UNIQUE_CHECKS=0 */;
/*!40014 SET @OLD_FOREIGN_KEY_CHECKS=@@FOREIGN_KEY_CHECKS, FOREIGN_KEY_CHECKS=0 */;
/*!40101 SET @OLD_SQL_MODE=@@SQL_MODE, SQL_MODE='NO_AUTO_VALUE_ON_ZERO' */;
/*!40111 SET @OLD_SQL_NOTES=@@SQL_NOTES, SQL_NOTES=0 */;

--
-- Table structure for table `activity`
--

DROP TABLE IF EXISTS `activity`;
/*!40101 SET @saved_cs_client     = @@character_set_client */;
/*!50503 SET character_set_client = utf8mb4 */;
CREATE TABLE `activity` (
  `Activity_id` int NOT NULL AUTO_INCREMENT,
  `Active_in_park` varchar(15) NOT NULL,
  PRIMARY KEY (`Activity_id`)
) ENGINE=InnoDB AUTO_INCREMENT=3 DEFAULT CHARSET=utf8mb3;
/*!40101 SET character_set_client = @saved_cs_client */;

--
-- Dumping data for table `activity`
--

LOCK TABLES `activity` WRITE;
/*!40000 ALTER TABLE `activity` DISABLE KEYS */;
INSERT INTO `activity` VALUES (1,'Active'),(2,'Inactive');
/*!40000 ALTER TABLE `activity` ENABLE KEYS */;
UNLOCK TABLES;

--
-- Table structure for table `animals`
--

DROP TABLE IF EXISTS `animals`;
/*!40101 SET @saved_cs_client     = @@character_set_client */;
/*!50503 SET character_set_client = utf8mb4 */;
CREATE TABLE `animals` (
  `Animals_id` int NOT NULL AUTO_INCREMENT,
  `Common_name` varchar(30) NOT NULL,
  `Scientific_name` varchar(30) NOT NULL,
  `Species_id` int NOT NULL,
  `Activity_id` int NOT NULL,
  `Present_id` int NOT NULL,
  `Native_id` int NOT NULL,
  `Rarity_id` int NOT NULL,
  `Role_id` int NOT NULL,
  `Approval_id` int NOT NULL,
  `Global_rank_id` int NOT NULL,
  `Evidence_id` int NOT NULL,
  `TE_status_id` int NOT NULL,
  PRIMARY KEY (`Animals_id`),
  KEY `fk_Animals_Species_idx` (`Species_id`),
  KEY `fk_Animals_Activity1_idx` (`Activity_id`),
  KEY `fk_Animals_Present_in_park1_idx` (`Present_id`),
  KEY `fk_Animals_Native1_idx` (`Native_id`),
  KEY `fk_Animals_Rarity1_idx` (`Rarity_id`),
  KEY `fk_Animals_Role1_idx` (`Role_id`),
  KEY `fk_Animals_Approval1_idx` (`Approval_id`),
  KEY `fk_Animals_Global_rank1_idx` (`Global_rank_id`),
  KEY `fk_Animals_Evidence1_idx` (`Evidence_id`),
  KEY `fk_Animals_TE_status1_idx` (`TE_status_id`),
  CONSTRAINT `fk_Animals_Activity1` FOREIGN KEY (`Activity_id`) REFERENCES `activity` (`Activity_id`),
  CONSTRAINT `fk_Animals_Approval1` FOREIGN KEY (`Approval_id`) REFERENCES `approvals` (`Approval_id`),
  CONSTRAINT `fk_Animals_Evidence1` FOREIGN KEY (`Evidence_id`) REFERENCES `evidence` (`Evidence_id`),
  CONSTRAINT `fk_Animals_Global_rank1` FOREIGN KEY (`Global_rank_id`) REFERENCES `global_ranks` (`Global_rank_id`),
  CONSTRAINT `fk_Animals_Native1` FOREIGN KEY (`Native_id`) REFERENCES `native` (`Native_id`),
  CONSTRAINT `fk_Animals_Present_in_park1` FOREIGN KEY (`Present_id`) REFERENCES `Prescence` (`Present_id`),
  CONSTRAINT `fk_Animals_Rarity1` FOREIGN KEY (`Rarity_id`) REFERENCES `rarities` (`Rarity_id`),
  CONSTRAINT `fk_Animals_Role1` FOREIGN KEY (`Role_id`) REFERENCES `roles` (`Role_id`),
  CONSTRAINT `fk_Animals_Species` FOREIGN KEY (`Species_id`) REFERENCES `species` (`Species_id`),
  CONSTRAINT `fk_Animals_TE_status1` FOREIGN KEY (`TE_status_id`) REFERENCES `threat_status` (`TE_status_id`)
) ENGINE=InnoDB AUTO_INCREMENT=887 DEFAULT CHARSET=utf8mb3;
/*!40101 SET character_set_client = @saved_cs_client */;

--
-- Dumping data for table `animals`
--

LOCK TABLES `animals` WRITE;
/*!40000 ALTER TABLE `animals` DISABLE KEYS */;
INSERT INTO `animals` VALUES (1,'Bison','Bison bison',1,1,1,1,1,1,1,1,1,1),(2,'mountain goat','Oreamnos americanus',1,1,2,1,2,2,1,2,1,2),(3,'bighorn sheep','Ovis canadensis',1,1,2,1,2,2,1,1,1,3),(4,'moose','Alces alces',1,1,2,1,2,2,1,2,1,1),(5,'elk','Cervus elaphus',1,1,2,1,3,2,1,2,2,1),(6,'mule deer','Odocoileus hemionus',1,1,2,1,4,2,1,2,1,1),(7,'white-tailed deer','Odocoileus virginianus',1,1,2,1,2,2,1,2,2,1),(8,'caribou, reindeer, Reindeer','Rangifer tarandus',1,1,1,1,1,1,1,2,1,2),(9,'coyote','Canis latrans',1,1,2,1,4,2,1,2,1,3),(10,'gray wolf','Canis lupus',1,1,2,1,5,2,1,2,3,4),(11,'red fox','Vulpes vulpes',1,1,2,1,5,3,1,2,1,2),(12,'lynx','Lynx canadensis',1,1,2,1,5,2,1,2,3,5),(13,'bobcat','Lynx rufus',1,1,2,1,6,3,1,2,1,6),(14,'mountain lion','Puma concolor',1,1,2,1,4,2,1,2,1,2),(15,'striped skunk','Mephitis mephitis',1,1,2,1,4,2,1,2,1,2),(16,'wolverine','Gulo gulo',1,1,2,1,5,2,1,1,1,1),(17,'river otter','Lutra canadensis',1,1,2,1,5,2,1,3,1,2),(18,'marten','Martes americana',1,1,2,1,4,2,1,2,1,1),(19,'fisher','Martes pennanti',1,1,2,1,5,2,1,3,1,2),(20,'short-tailed weasel','Mustela erminea',1,1,2,1,2,2,1,4,1,2),(21,'long-tailed weasel','Mustela frenata',1,1,2,1,4,2,1,3,1,2),(22,'least weasel','Mustela nivalis',1,1,2,1,5,2,1,2,1,2),(23,'mink','Mustela vison',1,1,2,1,4,2,1,3,1,2),(24,'badger','Taxidea taxus',1,1,2,1,5,2,1,2,1,3),(25,'racoon','Procyon lotor',1,1,2,2,6,1,1,2,1,2),(26,'black bear','Ursus americanus',1,1,2,1,4,2,1,2,1,2),(27,'Grizzly bear','Ursus arctos horribilis',1,1,2,1,4,2,1,3,1,5),(28,'big brown bat','Eptesicus fuscus',1,1,2,1,2,2,1,2,1,3),(29,'silver-haired bat','Lasionycteris noctivagans',1,1,2,1,7,1,1,5,1,3),(32,'long-eared bat','Myotis evotis',1,1,2,1,7,1,1,2,1,3),(33,'little brown bat','Myotis lucifugus',1,1,2,1,7,2,1,5,1,8),(35,'snowshoe hare','Lepus americanus',1,1,2,1,2,2,1,2,1,2),(36,'white-tailed jackrabbit','Lepus townsendii',1,1,2,1,6,4,1,2,1,2),(37,'pika','Ochotona princeps',1,1,2,1,2,2,1,2,1,6),(38,'beaver','Castor canadensis',1,1,2,1,4,2,1,2,1,2),(39,'red-backed vole','Clethrionomys gapperi',1,1,2,1,2,2,1,2,1,2),(40,'long-tailed vole','Microtus longicaudus',1,1,2,1,4,2,1,2,3,2),(41,'meadow vole','Microtus pennsylvanicus',1,1,2,1,3,2,1,2,3,2),(42,'water vole','Microtus richardsoni',1,1,2,1,4,2,1,2,1,2),(43,'bushy-tailed wood rat','Neotoma cinerea',1,1,2,1,4,2,1,2,1,2),(44,'muskrat','Ondatra zibethicus',1,1,2,1,5,2,1,2,1,2),(45,'Deer Mice, White-footed Mice','Peromyscus',1,1,4,3,1,1,3,3,4,2),(46,'deer mouse','Peromyscus maniculatus',1,1,2,1,3,2,1,2,3,2),(47,'montane heather vole','Phenacomys intermedius',1,1,2,1,2,2,1,2,3,2),(48,'northern bog lemming','Synaptomys borealis',1,1,2,1,5,2,1,2,1,8),(49,'western jumping mouse','Zapus princeps',1,1,2,1,4,2,1,2,3,2),(50,'porcupine','Erethizon dorsatum',1,1,2,1,2,2,1,2,1,2),(51,'northern pocket gopher','Thomomys talpoides',1,1,2,1,2,2,1,2,3,2),(53,'northern flying squirrel','Glaucomys sabrinus',1,1,2,1,4,2,1,2,1,2),(54,'hoary marmot','Marmota caligata',1,1,2,1,2,2,1,2,1,2),(55,'yellow-bellied marmot','Marmota flaviventris',1,1,2,1,5,2,1,2,4,2),(57,'Columbian ground squirrel','Spermophilus columbianus',1,1,2,1,2,2,1,3,3,2),(58,'golden-mantled ground squirrel','Spermophilus lateralis',1,1,2,1,2,2,1,3,1,2),(59,'richardson\'s ground squirrel','Spermophilus richardsonii',1,1,2,1,6,1,1,3,1,2),(60,'thirteen-lined ground squirrel','Spermophilus tridecemlineatus',1,1,2,1,6,1,1,3,1,2),(61,'chipmunk (yellow pine)','Tamias amoenus',1,1,2,1,3,2,1,3,1,2),(62,'chipmunk (red tailed)','Tamias ruficaudus',1,1,2,1,3,2,1,3,1,2),(63,'red squirrel','Tamiasciurus hudsonicus',1,1,2,1,3,2,1,2,1,2),(64,'masked shrew','Sorex cinereus',1,1,2,1,2,2,1,2,3,2),(66,'montane shrew','Sorex monticolus',1,1,2,1,2,2,1,3,4,2),(67,'northern water shrew','Sorex palustris',1,1,2,1,4,2,1,2,1,2),(68,'vagrant shrew','Sorex vagrans',1,1,2,1,2,2,1,2,4,2),(69,'Cooper\'s Hawk','Accipiter cooperii',19,1,2,1,4,2,1,2,1,3),(70,'Northern Goshawk','Accipiter gentilis',19,1,2,1,4,2,1,3,1,6),(71,'Sharp-shinned Hawk','Accipiter striatus',19,1,2,1,4,2,1,2,1,3),(72,'Golden Eagle','Aquila chrysaetos',19,1,2,1,4,2,1,2,1,3),(73,'Red-tailed Hawk','Buteo jamaicensis',19,1,2,1,2,2,1,2,1,1),(74,'Rough-legged Hawk','Buteo lagopus',19,1,2,1,5,5,1,2,1,3),(75,'Red-shouldered Hawk','Buteo lineatus',19,1,5,1,1,1,1,2,4,3),(76,'Broad-winged Hawk','Buteo platypterus',19,1,2,1,5,4,1,2,4,2),(77,'Ferruginous Hawk','Buteo regalis',19,1,2,1,5,4,1,1,1,6),(78,'Swainson\'s Hawk','Buteo swainsoni',19,1,2,1,5,4,1,2,1,3),(79,'Northern Harrier','Circus cyaneus',19,1,2,1,4,2,1,3,1,3),(80,'Bald Eagle','Haliaeetus leucocephalus',19,1,2,1,4,2,1,2,1,4),(81,'Turkey Vulture','Cathartes aura',19,1,2,1,5,5,1,2,1,3),(82,'Osprey','Pandion haliaetus',19,1,2,1,4,2,1,2,1,3),(83,'Wood Duck','Aix sponsa',19,1,2,1,4,2,1,2,1,7),(84,'Northern Pintail','Anas acuta',19,1,2,1,4,5,1,2,1,2),(85,'American Wigeon','Anas americana',19,1,2,1,2,5,1,3,1,2),(86,'Northern Shoveler','Anas clypeata',19,1,2,1,4,5,1,3,1,2),(87,'Green-winged Teal','Anas crecca',19,1,2,1,4,5,1,2,1,7),(88,'Cinnamon Teal','Anas cyanoptera',19,1,2,1,4,5,1,3,1,2),(89,'Blue-winged Teal','Anas discors',19,1,2,1,4,5,1,3,1,2),(90,'Eurasian Wigeon','Anas penelope',19,1,2,1,6,4,1,3,4,2),(91,'Mallard','Anas platyrhynchos',19,1,2,1,2,2,1,2,1,7),(92,'Gadwall','Anas strepera',19,1,2,1,4,5,1,3,1,2),(93,'Greater White-fronted Goose','Anser albifrons',19,1,5,1,1,1,1,2,4,2),(94,'Lesser Scaup','Aythya affinis',19,1,2,1,4,5,1,2,1,3),(95,'Redhead','Aythya americana',19,1,2,1,5,5,1,2,1,2),(96,'Ring-necked Duck','Aythya collaris',19,1,2,1,4,2,1,2,1,2),(97,'Greater Scaup','Aythya marila',19,1,2,1,5,4,1,2,1,2),(98,'Canvasback','Aythya valisineria',19,1,2,1,5,5,1,2,1,2),(99,'Canada Goose','Branta canadensis',19,1,2,1,2,2,1,2,1,7),(100,'Bufflehead','Bucephala albeola',19,1,2,1,2,2,1,2,1,2),(101,'Common Goldeneye','Bucephala clangula',19,1,2,1,4,2,1,2,1,2),(102,'Barrow\'s Goldeneye','Bucephala islandica',19,1,2,1,2,2,1,2,1,2),(103,'Snow Goose','Chen caerulescens',19,1,2,1,5,5,1,3,1,2),(104,'Ross\' Goose','Chen rossii',19,1,2,1,6,4,1,3,4,2),(105,'Long-tailed Duck (Oldsquaw)','Clangula hyemalis',19,1,2,1,6,4,1,2,4,6),(106,'Trumpeter Swan','Cygnus buccinator',19,1,2,1,5,2,1,1,1,3),(107,'Tundra Swan','Cygnus columbianus',19,1,2,1,2,5,1,2,1,2),(108,'Harlequin Duck','Histrionicus histrionicus',19,1,2,1,4,2,1,1,1,6),(109,'Hooded Merganser','Lophodytes cucullatus',19,1,2,1,4,2,1,2,1,2),(110,'White-winged Scoter','Melanitta fusca',19,1,2,1,6,4,1,3,1,3),(111,'Surf Scoter','Melanitta perspicillata',19,1,2,1,6,4,1,2,4,3),(112,'Common Merganser','Mergus merganser',19,1,2,1,2,2,1,2,1,2),(113,'Red-breasted Merganser','Mergus serrator',19,1,2,1,5,5,1,2,1,3),(114,'Ruddy Duck','Oxyura jamaicensis',19,1,2,1,4,5,1,2,1,3),(115,'White-throated Swift','Aeronautes saxatalis',19,1,5,1,1,1,1,2,4,2),(116,'Vaux\'s Swift','Chaetura vauxi',19,1,2,1,4,2,1,2,1,3),(117,'Black Swift','Cypseloides niger',19,1,2,1,5,2,1,1,1,3),(118,'Black-chinned Hummingbird','Archilochus alexandri',19,1,2,1,5,2,1,2,4,2),(119,'Broad-tailed Hummingbird','Selasphorus platycercus',19,1,2,1,6,4,1,2,4,3),(120,'Rufous Hummingbird','Selasphorus rufus',19,1,2,1,2,2,1,1,1,3),(121,'Calliope Hummingbird','Stellula calliope',19,1,2,1,2,2,1,3,1,3),(122,'Common Nighthawk','Chordeiles minor',19,1,2,1,4,2,1,2,1,3),(123,'Semipalmated Plover','Charadrius semipalmatus',19,1,2,1,5,5,1,2,4,2),(124,'Killdeer','Charadrius vociferus',19,1,2,1,4,2,1,2,1,2),(126,'Black Tern','Chlidonias niger',19,1,2,1,4,5,1,6,1,3),(127,'Herring Gull','Larus argentatus',19,1,2,1,5,5,1,2,4,3),(128,'California Gull','Larus californicus',19,1,2,1,2,5,1,2,1,1),(129,'Ring-billed Gull','Larus delawarensis',19,1,2,1,2,5,1,2,1,3),(130,'Glaucous-winged Gull','Larus glaucescens',19,1,2,1,6,4,1,2,4,2),(131,'Glaucous Gull','Larus hyperboreus',19,1,2,1,6,4,1,2,4,2),(132,'Bonaparte\'s Gull','Larus philadelphia',19,1,2,1,5,5,1,3,4,2),(133,'Franklin\'s Gull','Larus pipixcan',19,1,2,1,6,4,1,3,4,2),(134,'Black-legged Kittiwake','Rissa tridactyla',19,1,2,1,6,4,1,2,4,3),(135,'Caspian Tern','Sterna caspia',19,1,2,1,6,4,1,3,4,2),(136,'Forster\'s Tern','Sterna forsteri',19,1,5,1,1,1,1,2,4,3),(137,'Common Tern','Sterna hirundo',19,1,2,1,6,5,1,2,4,3),(138,'American Avocet','Recurvirostra americana',19,1,2,1,5,5,1,2,1,3),(139,'Spotted Sandpiper','Actitis macularia',19,1,2,1,2,2,1,3,1,2),(140,'Black Turnstone','Arenaria melanocephala',19,1,5,1,1,1,1,2,4,3),(141,'Upland Sandpiper','Bartramia longicauda',19,1,5,1,1,1,1,2,4,3),(142,'Sanderling','Calidris alba',19,1,5,1,1,1,1,2,4,2),(143,'Baird\'s Sandpiper','Calidris bairdii',19,1,2,1,6,5,1,2,4,2),(144,'Western Sandpiper','Calidris mauri',19,1,2,1,5,5,1,2,4,2),(145,'Pectoral Sandpiper','Calidris melanotos',19,1,2,1,6,5,1,2,4,3),(146,'Least Sandpiper','Calidris minutilla',19,1,5,1,1,1,1,2,4,2),(147,'Semipalmated Sandpiper','Calidris pusilla',19,1,5,1,1,1,1,2,4,3),(148,'Willet','Catoptrophorus semipalmatus',19,1,2,1,6,4,1,3,4,2),(149,'Common Snipe','Gallinago gallinago',19,1,2,1,2,2,1,3,1,2),(150,'Long-billed Dowitcher','Limnodromus scolopaceus',19,1,2,1,6,5,1,2,4,2),(151,'Marbled Godwit','Limosa fedoa',19,1,2,1,6,5,1,2,4,3),(152,'Long-billed Curlew','Numenius americanus',19,1,2,1,5,5,1,1,1,6),(153,'Red-necked Phalarope','Phalaropus lobatus',19,1,2,1,5,5,1,6,4,3),(154,'Wilson\'s Phalarope','Phalaropus tricolor',19,1,2,1,5,5,1,2,4,7),(155,'Lesser Yellowlegs','Tringa flavipes',19,1,2,1,5,5,1,2,1,3),(156,'Greater Yellowlegs','Tringa melanoleuca',19,1,2,1,6,5,1,2,1,2),(157,'Solitary Sandpiper','Tringa solitaria',19,1,2,1,4,5,1,2,1,3),(158,'Band-tailed Pigeon','Columba fasciata',19,1,2,1,6,4,1,3,1,2),(159,'Rock Pigeon','Columba livia',19,1,2,2,6,4,1,2,1,2),(160,'Mourning Dove','Zenaida macroura',19,1,2,1,4,5,1,2,1,2),(161,'Belted Kingfisher','Ceryle alcyon',19,1,2,1,4,2,1,3,1,2),(162,'Merlin','Falco columbarius',19,1,2,1,5,5,1,2,1,3),(163,'Prairie Falcon','Falco mexicanus',19,1,2,1,4,2,1,2,1,3),(164,'Peregrine Falcon','Falco peregrinus',19,1,2,1,5,5,1,1,1,3),(165,'Gyrfalcon','Falco rusticolus',19,1,2,1,6,5,1,2,4,2),(166,'American Kestrel','Falco sparverius',19,1,2,1,2,2,1,2,1,2),(167,'Ruffed Grouse','Bonasa umbellus',19,1,2,1,2,2,1,2,1,3),(168,'Spruce Grouse','Dendragapus canadensis',19,1,2,1,2,2,1,3,1,2),(169,'Dusky Grouse','Dendragapus obscurus',19,1,2,1,4,2,1,2,1,2),(170,'willow ptarmigan','Lagopus lagopus',19,1,5,1,1,1,1,2,4,2),(171,'White-tailed Ptarmigan','Lagopus leucurus',19,1,2,1,4,2,1,3,1,2),(172,'Gray Partridge','Perdix perdix',19,1,5,2,1,1,1,2,4,2),(173,'Ring-necked Pheasant','Phasianus colchicus',19,1,2,2,6,4,1,2,4,2),(174,'Sharp-tailed Grouse','Tympanuchus phasianellus',19,1,2,1,6,4,1,2,1,2),(175,'Yellow-billed Loon','Gavia adamsii',19,1,2,1,5,4,1,1,4,6),(176,'Common Loon','Gavia immer',19,1,2,1,4,2,1,2,1,3),(177,'Pacific Loon','Gavia pacifica',19,1,2,1,5,5,1,2,4,2),(178,'Red-throated Loon','Gavia stellata',19,1,2,1,6,4,1,2,4,3),(179,'Sandhill Crane','Grus canadensis',19,1,2,1,5,2,1,3,1,2),(180,'American Coot','Fulica americana',19,1,2,1,2,5,1,2,1,2),(181,'Sora','Porzana carolina',19,1,2,1,4,2,1,2,1,2),(182,'Horned Lark','Eremophila alpestris',19,1,2,1,5,2,1,2,1,2),(183,'Cedar Waxwing','Bombycilla cedrorum',19,1,2,1,2,2,1,2,1,2),(184,'Bohemian Waxwing','Bombycilla garrulus',19,1,2,1,4,5,1,2,1,2),(185,'Lapland Longspur','Calcarius lapponicus',19,1,2,1,5,5,1,2,4,2),(186,'Mccown\'s Longspur','Calcarius mccownii',19,1,2,1,6,5,1,3,4,3),(187,'Chestnut-collared Longspur','Calcarius ornatus',19,1,2,1,6,5,1,2,1,3),(188,'Snow Bunting','Plectrophenax nivalis',19,1,2,1,5,5,1,2,1,2),(189,'Lazuli Bunting','Passerina amoena',19,1,2,1,4,2,1,2,1,3),(190,'Indigo Bunting','Passerina cyanea',19,1,2,1,6,4,1,2,4,2),(191,'Rose-breasted Grosbeak','Pheucticus ludovicianus',19,1,2,1,6,4,1,2,4,3),(192,'Black-headed Grosbeak','Pheucticus melanocephalus',19,1,2,1,5,2,1,2,1,2),(193,'Western Tanager','Piranga ludoviciana',19,1,2,1,2,2,1,2,1,2),(194,'Brown Creeper','Certhia americana',19,1,2,1,2,2,1,2,1,3),(195,'American Dipper','Cinclus mexicanus',19,1,2,1,2,2,1,2,1,3),(196,'American Crow','Corvus brachyrhynchos',19,1,2,1,4,2,1,2,4,2),(197,'Common Raven','Corvus corax',19,1,2,1,2,2,1,2,1,2),(198,'Blue Jay','Cyanocitta cristata',19,1,2,1,5,5,1,2,1,2),(199,'Steller\'s Jay','Cyanocitta stelleri',19,1,2,1,2,2,1,2,1,2),(200,'Clark\'s Nutcracker','Nucifraga columbiana',19,1,2,1,4,2,1,2,1,3),(201,'Gray Jay','Perisoreus canadensis',19,1,2,1,2,2,1,2,1,2),(202,'Black-billed Magpie','Pica pica',19,1,2,1,4,2,1,3,1,2),(203,'Common Redpoll','Carduelis flammea',19,1,2,1,4,5,1,3,1,2),(204,'Hoary Redpoll','Carduelis hornemanni',19,1,5,1,1,1,1,3,4,2),(205,'Pine Siskin','Carduelis pinus',19,1,2,1,2,2,1,3,1,3),(206,'American Goldfinch','Carduelis tristis',19,1,2,1,5,3,1,3,1,2),(207,'Cassin\'s Finch','Carpodacus cassinii',19,1,2,1,4,2,1,3,1,3),(208,'House Finch','Carpodacus mexicanus',19,1,2,1,5,3,1,3,4,2),(209,'Evening Grosbeak','Coccothraustes vespertinus',19,1,2,1,4,2,1,2,1,3),(210,'Rosy-Finch','Leucosticte arctoa',19,1,2,1,4,2,1,3,1,2),(211,'Red Crossbill','Loxia curvirostra',19,1,2,1,2,2,1,2,1,3),(212,'White-winged Crossbill','Loxia leucoptera',19,1,2,1,4,3,1,2,1,2),(213,'Pine Grosbeak','Pinicola enucleator',19,1,2,1,4,2,1,2,1,2),(214,'Cliff Swallow','Hirundo pyrrhonota',19,1,2,1,2,2,1,3,1,2),(215,'Barn Swallow','Hirundo rustica',19,1,2,1,2,2,1,2,1,3),(216,'Bank Swallow','Riparia riparia',19,1,2,1,4,2,1,2,1,3),(217,'Northern Rough-winged Swallow','Stelgidopteryx serripennis',19,1,2,1,4,2,1,2,1,7),(218,'Tree Swallow','Tachycineta bicolor',19,1,2,1,2,2,1,2,1,3),(219,'Violet-green Swallow','Tachycineta thalassina',19,1,2,1,2,2,1,2,1,2),(220,'Red-winged Blackbird','Agelaius phoeniceus',19,1,2,1,4,2,1,2,1,2),(221,'Bobolink','Dolichonyx oryzivorus',19,1,5,1,1,1,1,2,4,3),(222,'Rusty Blackbird','Euphagus carolinus',19,1,2,1,6,4,1,1,4,3),(223,'Brewer\'s Blackbird','Euphagus cyanocephalus',19,1,2,1,5,3,1,2,1,2),(224,'Northern Oriole','Icterus galbula',19,1,5,1,1,1,1,2,4,3),(225,'Brown-headed Cowbird','Molothrus ater',19,1,2,1,4,2,1,2,1,2),(226,'Common Grackle','Quiscalus quiscula',19,1,5,1,1,1,1,2,4,2),(227,'Western Meadowlark','Sturnella neglecta',19,1,2,1,4,2,1,2,1,3),(228,'Yellow-headed Blackbird','Xanthocephalus xanthocephalus',19,1,2,1,5,4,1,2,1,3),(230,'Loggerhead Shrike','Lanius ludovicianus',19,1,2,1,5,4,1,1,1,3),(231,'Gray Catbird','Dumetella carolinensis',19,1,2,1,5,2,1,2,1,2),(232,'Northern Mockingbird','Mimus polyglottos',19,1,2,1,6,4,1,2,4,2),(233,'Sage Thrasher','Oreoscoptes montanus',19,1,2,1,5,4,1,1,4,3),(234,'American Pipit','Anthus rubescens',19,1,2,1,4,2,1,2,4,2),(235,'Sprague\'s Pipit','Anthus spragueii',19,1,5,1,1,1,1,5,4,6),(236,'Black-capped Chickadee','Parus atricapillus',19,1,2,1,2,2,1,3,1,2),(237,'Mountain Chickadee','Parus gambeli',19,1,2,1,2,2,1,3,1,2),(238,'Boreal Chickadee','Parus hudsonicus',19,1,2,1,4,2,1,3,1,2),(239,'Chestnut-backed Chickadee','Parus rufescens',19,1,2,1,4,2,1,3,1,2),(240,'Bay-breasted Warbler','Dendroica castanea',19,1,2,1,6,4,1,3,1,3),(241,'Yellow-rumped Warbler','Dendroica coronata',19,1,2,1,2,2,1,3,1,2),(242,'Yellow Warbler','Dendroica petechia',19,1,2,1,4,2,1,3,1,2),(243,'Cape May Warbler','Dendroica tigrina',19,1,2,1,6,4,1,3,4,2),(244,'Townsend\'s Warbler','Dendroica townsendi',19,1,2,1,2,2,1,3,1,2),(245,'Common Yellowthroat','Geothlypis trichas',19,1,2,1,2,2,1,2,1,2),(246,'Yellow-breasted Chat','Icteria virens',19,1,5,1,1,1,1,2,4,3),(247,'Black-and-white Warbler','Mniotilta varia',19,1,5,1,1,1,1,2,4,2),(248,'Macgillivray\'s Warbler','Oporornis tolmiei',19,1,2,1,2,2,1,3,1,3),(249,'Northern Parula','Parula americana',19,1,2,1,5,4,1,3,4,2),(250,'Ovenbird','Seiurus aurocapillus',19,1,2,1,6,4,1,3,4,2),(251,'Northern Waterthrush','Seiurus noveboracensis',19,1,2,1,2,2,1,3,1,2),(252,'American Redstarat','Setophaga ruticilla',19,1,2,1,4,2,1,2,1,2),(253,'Orange-crowned Warbler','Vermivora celata',19,1,2,1,4,2,1,3,1,2),(254,'Tennessee Warbler','Vermivora peregrina',19,1,2,1,5,2,1,3,1,2),(255,'Nashville Warbler','Vermivora ruficapilla',19,1,5,1,1,1,1,3,4,3),(256,'Wilson\'s Warbler','Wilsonia pusilla',19,1,2,1,2,2,1,3,1,3),(257,'Le Conte\'s Sparrow','Ammospiza leconteii',19,1,2,1,5,2,1,2,1,3),(258,'Lark Bunting','Calamospiza melanocorys',19,1,5,1,1,1,1,2,4,3),(259,'Lark Sparrow','Chondestes grammacus',19,1,5,1,1,1,1,2,4,3),(260,'Dark-eyed Junco','Junco hyemalis',19,1,2,1,2,2,1,2,1,2),(261,'Lincoln\'s Sparrow','Melospiza lincolnii',19,1,2,1,4,2,1,2,1,3),(262,'Song Sparrow','Melospiza melodia',19,1,2,1,4,2,1,2,1,3),(263,'Savannah Sparrow','Passerculus sandwichensis',19,1,2,1,4,2,1,2,1,2),(264,'Fox Sparrow','Passerella iliaca',19,1,2,1,2,2,1,2,1,3),(265,'Green-tailed Towhee','Pipilo chlorurus',19,1,5,1,1,1,1,2,4,3),(266,'Rufous-sided Towhee','Pipilo erythrophthalmus',19,1,2,1,5,5,1,2,1,2),(267,'Vesper Sparrow','Pooecetes gramineus',19,1,2,1,4,2,1,2,1,2),(268,'American Tree Sparrow','Spizella arborea',19,1,2,1,5,5,1,3,1,2),(269,'Brewer\'s Sparrow','Spizella breweri',19,1,2,1,4,2,1,2,1,3),(270,'Clay-colored Sparrow','Spizella pallida',19,1,2,1,5,2,1,2,1,2),(271,'Chipping Sparrow','Spizella passerina',19,1,2,1,2,2,1,2,1,3),(272,'Field Sparrow','Spizella pusilla',19,1,5,1,1,1,1,2,4,3),(273,'White-throated Sparrow','Zonotrichia albicollis',19,1,2,1,5,2,1,2,1,2),(274,'Golden-crowned Sparrow','Zonotrichia atricapilla',19,1,5,1,1,1,1,2,4,2),(275,'White-crowned Sparrow','Zonotrichia leucophrys',19,1,2,1,2,2,1,2,1,2),(276,'Harris\'s Sparrow','Zonotrichia querula',19,1,2,1,5,5,1,2,1,3),(277,'House Sparrow','Passer domesticus',19,1,5,2,1,1,1,2,4,2),(278,'Ruby-crowned Kinglet','Regulus calendula',19,1,2,1,2,2,1,3,1,2),(279,'Golden-crowned Kinglet','Regulus satrapa',19,1,2,1,2,2,1,2,1,2),(280,'Red-breasted Nuthatch','Sitta canadensis',19,1,2,1,2,2,1,2,1,2),(281,'White-breasted Nuthatch','Sitta carolinensis',19,1,2,1,5,2,1,2,1,2),(282,'European Starling','Sturnus vulgaris',19,1,2,2,4,2,1,2,1,2),(283,'Marsh Wren','Cistothorus palustris',19,1,5,1,1,1,1,2,4,3),(284,'Rock Wren','Salpinctes obsoletus',19,1,2,1,5,2,1,2,1,2),(285,'House Wren','Troglodytes aedon',19,1,2,1,5,2,1,2,1,2),(286,'Winter Wren','Troglodytes troglodytes',19,1,2,1,2,2,1,3,1,2),(287,'Veery','Catharus fuscescens',19,1,2,1,4,2,1,2,1,3),(288,'Hermit Thrush','Catharus guttatus',19,1,2,1,2,2,1,2,1,2),(289,'Swainson\'s Thrush','Catharus ustulatus',19,1,2,1,2,2,1,2,1,2),(290,'Varied Thrush','Ixoreus naevius',19,1,2,1,2,2,1,2,1,3),(291,'Townsend\'s Solitaire','Myadestes townsendi',19,1,2,1,2,2,1,2,1,2),(292,'Mountain Bluebird','Sialia currucoides',19,1,2,1,2,2,1,2,1,3),(293,'Western Bluebird','Sialia mexicana',19,1,2,1,5,4,1,2,4,3),(294,'Eastern Bluebird','Sialia sialis',19,1,5,1,1,1,1,2,4,1),(295,'American Robin','Turdus migratorius',19,1,2,1,2,2,1,2,1,2),(296,'Olive-sided Flycatcher','Contopus borealis',19,1,2,1,4,2,1,3,1,2),(297,'Western Wood-Pewee','Contopus sordidulus',19,1,2,1,4,2,1,2,1,2),(298,'Cordilleran Flycatcher','Empidonax difficilis',19,1,2,1,6,3,1,2,1,3),(299,'Hammond\'s Flycatcher','Empidonax hammondii',19,1,2,1,2,2,1,2,1,2),(300,'Least Flycatcher','Empidonax minimus',19,1,2,1,6,3,1,2,4,2),(301,'Dusky Flycatcher','Empidonax oberholseri',19,1,2,1,2,2,1,2,1,2),(302,'Willow Flycatcher','Empidonax traillii',19,1,2,1,4,2,1,2,1,3),(303,'Ash-throated Flycatcher','Myiarchus cinerascens',19,1,5,1,1,1,1,2,4,2),(304,'Say\'s Phoebe','Sayornis saya',19,1,2,1,5,3,1,2,1,2),(305,'Scissor-tailed Flycatcher','Tyrannus forficatus',19,1,5,1,1,1,1,2,4,3),(306,'Eastern Kingbird','Tyrannus tyrannus',19,1,2,1,4,2,1,2,1,3),(307,'Western Kingbird','Tyrannus verticalis',19,1,2,1,6,5,1,2,1,2),(308,'Warbling Vireo','Vireo gilvus',19,1,2,1,2,2,1,2,1,2),(309,'Red-eyed Vireo','Vireo olivaceus',19,1,2,1,4,2,1,2,1,2),(310,'Cassin\'s Vireo','Vireo solitarius',19,1,2,1,2,2,1,2,1,2),(311,'Great Blue Heron','Ardea herodias',19,1,2,1,4,2,1,2,1,3),(312,'American Bittern','Botaurus lentiginosus',19,1,5,1,1,1,1,2,1,3),(313,'Great Egret','Casmerodius albus',19,1,5,1,1,1,1,3,4,2),(314,'Black-crowned Night-Heron','Nycticorax nycticorax',19,1,2,1,6,4,1,2,4,3),(315,'American White Pelican','Pelecanus erythrorhynchos',19,1,2,1,6,4,1,1,1,3),(316,'Northern Flicker','Colaptes auratus',19,1,2,1,2,2,1,2,1,7),(317,'Pileated Woodpecker','Dryocopus pileatus',19,1,2,1,2,2,1,2,1,3),(318,'Red-headed Woodpecker','Melanerpes erythrocephalus',19,1,5,1,1,1,1,2,4,3),(319,'Lewis\'s Woodpecker','Melanerpes lewis',19,1,2,1,4,2,1,1,1,3),(320,'White-headed Woodpecker','Picoides albolarvatus',19,1,5,1,1,1,1,3,4,3),(321,'Black-backed Woodpecker','Picoides arcticus',19,1,2,1,4,2,1,2,1,6),(322,'Downy Woodpecker','Picoides pubescens',19,1,2,1,2,2,1,3,1,3),(323,'American Three-toed Woodpecker','Picoides tridactylus',19,1,2,1,2,2,1,3,1,3),(324,'Hairy Woodpecker','Picoides villosus',19,1,2,1,2,2,1,3,1,7),(325,'Red-naped Sapsucker','Sphyrapicus nuchalis',19,1,2,1,2,2,1,2,1,2),(326,'Williamson\'s Sapsucker','Sphyrapicus thyroideus',19,1,2,1,5,2,1,2,4,3),(327,'Clark\'s Grebe','Aechmophorus clarkii',19,1,5,1,1,1,1,2,4,3),(328,'Western Grebe','Aechmophorus occidentalis',19,1,2,1,4,5,1,2,1,3),(329,'Horned Grebe','Podiceps auritus',19,1,2,1,4,5,1,2,1,7),(330,'Red-necked Grebe','Podiceps grisegena',19,1,2,1,4,5,1,2,1,2),(331,'Eared Grebe','Podiceps nigricollis',19,1,2,1,5,5,1,2,1,3),(332,'Pied-billed Grebe','Podilymbus podiceps',19,1,2,1,5,5,1,2,1,3),(333,'Northern Saw-whet Owl','Aegolius acadicus',19,1,2,1,4,2,1,2,1,3),(334,'Boreal Owl','Aegolius funereus',19,1,2,1,5,2,1,2,1,2),(335,'Short-eared Owl','Asio flammeus',19,1,5,1,1,1,1,2,4,3),(336,'Long-eared Owl','Asio otus',19,1,2,1,6,4,1,2,1,3),(337,'Burrowing Owl','Athene cunicularia',19,1,2,1,6,4,1,1,1,3),(338,'Great Horned Owl','Bubo virginianus',19,1,2,1,4,2,1,2,1,1),(339,'Northern Pygmy Owl','Glaucidium gnoma',19,1,2,1,4,2,1,6,1,1),(340,'Snowy Owl','Nyctea scandiaca',19,1,2,1,6,5,1,3,4,2),(341,'Western Screech-Owl','Otus kennicottii',19,1,2,1,5,2,1,3,4,2),(342,'Great Gray Owl','Strix nebulosa',19,1,2,1,5,2,1,2,1,2),(343,'Barred Owl','Strix varia',19,1,2,1,4,2,1,2,1,2),(344,'Northern Hawk Owl','Surnia ulula',19,1,2,1,5,2,1,2,4,2),(345,'Double-crested Cormorant','Phalacrocorax auritus',19,1,2,1,5,4,1,3,1,3),(351,'Western Toad','Bufo boreas',70,1,2,1,4,2,1,3,2,3),(352,'Boreal Chorus Frog','Pseudacris maculata',70,1,2,1,5,2,1,2,3,2),(354,'Columbia Spotted Frog','Rana luteiventris',70,1,2,1,2,2,1,1,2,6),(355,'Long-toed Salamander','Ambystoma macrodactylum',70,1,2,1,2,2,1,2,2,2),(356,'longnose sucker','Catostomus catostomus',75,1,2,1,2,2,1,2,3,7),(357,'white sucker','Catostomus commersoni',75,1,2,1,2,2,1,3,4,2),(358,'largescale sucker','Catostomus macrocheilus',75,1,2,1,2,2,1,2,3,7),(359,'lake chub','Couesius plumbeus',75,1,1,2,1,1,1,2,4,1),(360,'peamouth','Mylocheilus caurinus',75,1,2,1,2,2,1,2,3,1),(361,'fathead minnow','Pimephales promelas',75,1,2,1,5,2,1,2,3,1),(362,'northern squawfish','Ptychocheilus oregonensis',75,1,2,1,2,2,1,2,3,1),(363,'longnose dace','Rhinichthys cataractae',75,1,2,1,2,2,1,2,4,3),(364,'redside shiner','Richardsonius balteatus',75,1,2,1,2,2,1,2,3,1),(365,'northern pike','Esox lucius',75,1,2,1,5,2,1,2,3,1),(366,'burbot','Lota lota',75,1,2,1,2,2,1,2,3,6),(367,'trout-perch','Percopsis omiscomaycus',75,1,2,1,5,2,1,2,3,1),(368,'lake whitefish','Coregonus clupeaformis',75,1,2,1,2,2,1,2,3,1),(369,'Yellowstone cutthroat Trout','Oncorhynchus clarkii bouvieri',75,1,2,2,2,2,1,7,3,6),(370,'Westslope cutthroat trout','Oncorhynchus clarkii lewisi',75,1,2,1,2,2,1,7,3,6),(371,'rainbow trout','Oncorhynchus mykiss',75,1,2,2,2,2,1,2,3,2),(372,'sockeye salmon','Oncorhynchus nerka',75,1,2,2,2,2,1,2,2,1),(373,'pygmy whitefish','Prosopium coulteri',75,1,2,1,5,2,1,3,3,2),(374,'mountain whitefish','Prosopium williamsoni',75,1,2,1,2,2,1,2,2,6),(375,'bull trout','Salvelinus confluentus',75,1,2,1,2,2,1,2,3,2),(376,'brook trout','Salvelinus fontinalis',75,1,2,2,2,2,1,2,2,2),(377,'lake trout','Salvelinus namaycush',75,1,2,1,2,2,1,2,2,1),(378,'Arctic grayling','Thymallus arcticus',75,1,2,2,2,2,1,2,3,2),(379,'mottled sculpin','Cottus bairdii',75,1,2,1,4,2,1,2,3,3),(380,'slimy sculpin','Cottus cognatus',75,1,2,1,2,2,1,2,3,1),(381,'shorthead sculpin','Cottus confusus',75,1,2,1,7,1,1,2,3,1),(382,'spoonhead sculpin','Cottus ricei',75,1,2,1,7,1,1,2,3,1),(383,'NA','Stygobromus',82,1,2,3,7,2,3,3,1,2),(384,'circumpolar fairy shrimp','Branchinecta paludosa',82,1,2,1,7,1,3,2,1,2),(385,'smooth-lipped fairy shrimp','Eubranchipus intricatus',82,1,2,4,7,1,3,1,1,2),(386,'ethologist fairy shrimp','Eubranchipus serratus',82,1,2,4,2,1,3,2,1,2),(387,'NA','Salmasellus steganothrix',82,1,2,3,7,2,3,8,1,2),(388,'Coues tadpole shrimp','Lepidurus couesii',82,1,2,4,7,1,3,1,1,2),(389,'brown-banded arion','Arion circumscriptus',87,1,2,2,7,2,1,2,1,2),(390,'chocolate arion','Arion rufus',87,1,2,2,7,2,1,6,1,2),(391,'dusky arion','Arion subfuscus',87,1,2,2,7,2,1,2,1,2),(392,'reticulate taildropper','Prophysaon andersoni',87,1,2,1,7,2,1,3,1,2),(393,'glossy pillar','Cochlicopa lubrica',87,1,2,1,7,2,1,2,1,2),(394,'forest disc','Discus whitneyi',87,1,2,1,7,2,1,2,1,2),(395,'brown hive','Euconulus fulvus',87,1,2,1,7,2,1,2,1,2),(396,'meadow slug','Deroceras laeve',87,1,2,1,7,2,1,2,1,2),(397,'giant garden slug','Limax maximus',87,1,2,2,7,2,1,2,3,2),(398,'subalpine mountainsnail','Oreohelix subrudis',87,1,2,1,7,2,1,2,1,2),(399,'conical spot','Punctum randolphi',87,1,2,1,7,2,1,3,1,2),(400,'toothless column','Columella edentula',87,1,2,1,7,2,1,2,1,2),(401,'suboval ambersnail','Catinella vermeta',87,1,2,1,7,2,1,3,1,2),(402,'spruce snail','Microphysula ingersolli',87,1,2,1,7,2,1,3,1,2),(403,'lovely vallonia','Vallonia pulchella',87,1,2,2,7,2,1,2,1,2),(404,'western glass-snail','Vitrina pellucida',87,1,2,1,7,2,1,2,1,2),(405,'blue glass','Nesovitrea binneyana',87,1,2,1,7,2,1,2,1,2),(406,'northwest striate','Striatura pugetensis',87,1,2,1,7,2,1,2,1,2),(407,'quick gloss','Zonitoides arboreus',87,1,2,1,7,2,1,2,1,2),(408,'Marsh snail, Swamp snail','Lymnaea stagnalis',87,1,2,1,2,3,3,2,4,2),(409,'NA','Arcynopteryx bradleyi',101,1,2,3,7,2,1,3,2,2),(410,'NA','Arcynopteryx watertoni',101,1,2,3,7,2,1,3,2,2),(411,'NA','Ephemerella hysterix',101,1,2,3,7,2,3,3,2,2),(412,'NA','Nemoura columbiana',101,1,2,3,7,2,1,3,2,2),(414,'NA','Optioservus',101,1,2,3,7,2,3,3,2,2),(415,'NA','Zaitzevia',101,1,2,3,7,2,3,3,2,2),(416,'NA','Atherix',101,1,2,3,7,2,3,3,2,2),(417,'NA','Atherix variegata',101,1,2,3,7,2,1,4,2,2),(418,'NA','Bezzia',101,1,2,3,7,2,3,3,2,2),(419,'NA','Eucorethra underwoodi',101,1,2,1,4,2,3,4,4,2),(420,'woodland pool mosquito','Aedes canadensis',101,1,2,1,3,2,3,2,1,2),(421,'NA','Aedes cataphylla',101,1,2,1,3,2,3,2,1,2),(422,'NA','Aedes cinereus',101,1,2,1,3,2,3,2,1,2),(423,'NA','Aedes communis',101,1,2,1,3,2,3,2,1,2),(424,'NA','Aedes diantaeus',101,1,2,1,2,2,3,2,1,2),(425,'NA','Aedes dorsalis',101,1,2,1,5,4,3,2,1,2),(426,'NA','Aedes euedes',101,1,2,1,4,2,3,2,1,2),(427,'NA','Aedes excrucians',101,1,2,1,3,2,3,2,1,2),(428,'NA','Aedes fitchii',101,1,2,1,3,2,3,2,1,2),(429,'NA','Aedes hendersoni',101,1,2,1,4,2,3,2,1,2),(430,'NA','Aedes hexodontus',101,1,2,1,3,2,3,2,4,2),(431,'NA','Aedes impiger',101,1,2,1,2,2,3,2,1,2),(432,'NA','Aedes implicatus',101,1,2,1,2,2,3,2,1,2),(433,'NA','Aedes increpitus',101,1,2,1,3,2,3,2,1,2),(434,'NA','Aedes intrudens',101,1,2,1,3,2,3,2,1,2),(436,'NA','Aedes mercurator',101,1,2,1,2,2,3,2,1,2),(437,'NA','Aedes nigromaculis',101,1,2,1,5,4,3,4,4,2),(438,'NA','Aedes pionips',101,1,2,1,2,2,3,2,1,2),(439,'NA','Aedes provocans',101,1,2,1,3,2,3,2,1,2),(440,'NA','Aedes pullatus',101,1,2,1,3,2,3,2,1,2),(441,'NA','Aedes punctor',101,1,2,1,3,2,3,2,1,2),(442,'western treehole mosquito','Aedes sierrensis',101,1,2,1,4,2,3,2,1,2),(443,'NA','Aedes spencerii',101,1,2,1,4,2,3,2,1,2),(444,'floodwater mosquito','Aedes sticticus',101,1,2,1,2,2,3,2,1,2),(445,'vexans mosquito','Aedes vexans',101,1,2,1,2,2,3,2,1,2),(446,'NA','Anopheles earlei',101,1,2,1,2,2,3,2,1,2),(447,'NA','Anopheles freeborni',101,1,2,1,2,2,3,4,1,2),(449,'NA','Culex territans',101,1,2,1,4,2,3,2,1,2),(451,'NA','Culiseta impatiens',101,1,2,1,2,2,3,2,1,2),(452,'NA','Culiseta incidens',101,1,2,1,4,2,3,2,1,2),(455,'NA','Culiseta morsitans',101,1,2,1,2,2,3,2,1,2),(456,'NA','Hemerodromia',101,1,2,3,7,2,3,3,2,2),(457,'NA','Glutops rossi',101,1,2,3,7,2,1,3,2,2),(458,'NA','Pericoma',101,1,2,3,7,2,3,3,2,2),(459,'NA','Antocha',101,1,2,3,7,2,3,3,2,2),(460,'NA','Antocha monticola',101,1,2,3,7,2,1,4,2,2),(461,'NA','Dicranota',101,1,2,3,7,2,3,3,2,2),(462,'NA','Hexatoma',101,1,2,3,7,2,3,3,2,2),(463,'NA','Pedicia',101,1,2,3,7,2,3,3,2,2),(464,'NA','Ameletus',101,1,2,3,7,2,3,3,17,2),(465,'NA','Ameletus connectus',101,1,2,3,7,2,1,3,2,2),(466,'NA','Ameletus cooki',101,1,2,3,7,2,1,6,2,2),(467,'NA','Ameletus oregonensis',101,1,2,3,7,2,1,6,2,2),(468,'NA','Ameletus pritchardi',101,1,2,4,7,2,1,6,1,2),(469,'NA','Ameletus similior',101,1,2,3,7,2,1,6,2,2),(470,'NA','Ameletus sparsatus',101,1,2,3,7,2,1,6,2,2),(471,'NA','Ameletus validus',101,1,2,3,7,2,1,6,2,2),(472,'NA','Ameletus velox',101,1,2,3,7,2,1,6,17,2),(473,'NA','Acentrella turbida',101,1,2,4,7,2,1,2,1,2),(474,'NA','Baetis',101,1,2,3,7,2,3,3,2,2),(475,'NA','Baetis bicaudatus',101,1,2,3,7,2,1,2,17,2),(476,'NA','Baetis flavistriga',101,1,2,4,7,2,1,2,1,2),(477,'NA','Baetis intermedius',101,1,2,3,7,2,1,3,2,2),(478,'NA','Baetis tricaudatus',101,1,2,3,7,2,1,2,2,2),(479,'NA','Centroptilum bifurcatum',101,1,2,4,7,2,1,3,1,2),(480,'NA','Centroptilum conturbatum',101,1,2,4,7,2,1,3,1,2),(481,'NA','Procloeon pennulatum',101,1,2,4,7,2,1,2,1,2),(482,'NA','Caudatella hystrix',101,1,2,3,7,2,1,2,2,2),(483,'NA','Drunella coloradensis',101,1,2,3,7,2,1,2,17,2),(484,'NA','Drunella doddsi',101,1,2,3,7,2,1,3,17,2),(485,'NA','Drunella grandis',101,1,2,3,7,2,1,2,17,2),(486,'NA','Drunella pelosa',101,1,2,4,7,2,1,1,1,2),(487,'NA','Ephemerella',101,1,2,3,7,2,3,3,2,2),(488,'NA','Ephemerella doddsi',101,1,2,3,7,2,3,3,2,2),(489,'NA','Ephemerella flavilinea',101,1,2,3,7,2,1,3,2,2),(490,'NA','Ephemerella grandis grandis',101,1,2,3,7,2,3,3,2,2),(491,'NA','Ephemerella grandis ingens',101,1,2,3,7,2,3,3,2,2),(492,'NA','Ephemerella inermis',101,1,2,3,7,2,1,3,2,2),(493,'NA','Ephemerella infrequens',101,1,2,4,7,1,3,3,1,2),(494,'NA','Ephemerella tibialis',101,1,2,3,7,2,3,2,2,2),(495,'NA','Serratella tibialis',101,1,2,3,7,2,1,3,17,2),(496,'NA','Cinygma dimicki',101,1,2,4,7,2,1,9,1,2),(497,'NA','Cinygmula',101,1,2,4,7,1,3,3,1,2),(498,'NA','Cinygmula par',101,1,2,4,7,2,1,1,1,2),(499,'NA','Cinygmula ramaleyi',101,1,2,4,7,2,1,1,1,2),(500,'NA','Cinygmula reticulata',101,1,2,4,7,2,1,1,1,2),(501,'NA','Epeorus',101,1,2,3,7,2,3,3,2,2),(502,'NA','Epeorus albertae',101,1,2,3,7,2,1,2,2,2),(503,'NA','Epeorus deceptivus',101,1,2,3,7,2,1,2,19,2),(504,'NA','Epeorus grandis',101,1,2,3,7,2,1,2,17,2),(505,'NA','Epeorus longimanus',101,1,2,3,7,2,1,2,17,2),(506,'NA','Heptagenia',101,1,2,3,7,2,3,3,2,2),(507,'NA','Rhithrogena futilis',101,1,2,4,7,2,1,6,1,2),(508,'NA','Rhithrogena hageni',101,1,2,4,7,2,1,2,1,2),(509,'NA','Rhithrogena robusta',101,1,2,4,7,2,1,2,3,2),(510,'NA','Paraleptophlebia',101,1,2,3,7,2,3,3,2,2),(511,'NA','Paraleptophlebia debilis',101,1,2,4,7,2,1,2,1,2),(512,'NA','Paraleptophlebia heteronea',101,1,2,3,7,2,1,3,17,2),(513,'NA','Paraleptophlebia memorialis',101,1,2,3,7,2,1,3,2,2),(514,'NA','Paraleptophlebia vaciva',101,1,2,4,7,2,1,5,1,2),(515,'NA','Siphlonurus autumnalis',101,1,2,4,7,2,1,10,1,2),(516,'NA','Siphlonurus phyllis',101,1,2,4,7,2,1,5,1,2),(517,'Fernald cuckoo bumble bee','Bombus fernaldae',101,1,2,4,7,3,3,3,4,2),(518,'Yellow head bumble bee','Bombus flavifrons',101,1,2,4,7,3,3,2,4,2),(519,'Black tail bumble bee','Bombus melanopygus',101,1,2,4,7,1,3,2,4,2),(520,'NA','Capnia',101,1,2,3,7,2,3,3,2,2),(521,'NA','Eucapnopsis',101,1,2,3,7,2,3,3,2,2),(522,'NA','Alloperla',101,1,2,3,7,2,3,3,2,2),(523,'NA','Paraperla',101,1,2,3,7,2,3,3,2,2),(524,'NA','Paraperla frontalis',101,1,2,3,7,2,1,2,2,2),(525,'NA','Sweltsa',101,1,2,3,7,2,3,3,17,2),(526,'NA','Brachyptera',101,1,2,3,7,2,3,3,2,2),(528,'NA','Malenka',101,1,2,3,7,2,3,3,2,2),(529,'NA','Nemoura',101,1,2,3,7,2,3,3,2,2),(530,'NA','Nemoura cinctipes',101,1,2,3,7,2,3,3,2,2),(531,'NA','Prostoia',101,1,2,3,7,2,3,3,2,2),(532,'NA','Prostoia besametsa',101,1,2,4,7,1,3,2,1,2),(533,'NA','Visoka cataractae',101,1,2,3,7,2,1,6,17,2),(534,'NA','Zapada cinctipes',101,1,2,3,7,2,1,2,17,2),(535,'NA','Zapada columbiana',101,1,2,3,7,2,1,2,17,2),(536,'NA','Zapada frigida',101,1,2,1,7,3,3,2,4,2),(537,'NA','Zapada oregonensis',101,1,2,3,7,2,1,2,17,2),(538,'NA','Peltoperla',101,1,2,3,7,2,3,3,2,2),(539,'NA','Yoraperla',101,1,2,3,7,2,3,3,2,2),(540,'NA','Yoraperla brevis',101,1,2,3,7,2,1,2,17,2),(541,'NA','Acroneuria',101,1,2,3,7,2,3,3,2,2),(542,'NA','Acroneuria californica',101,1,2,3,7,2,3,3,2,2),(543,'NA','Acroneuria pacifica',101,1,2,3,7,2,3,3,2,2),(544,'NA','Calineuria californica',101,1,2,3,7,2,1,2,2,2),(545,'NA','Claassenia sabulosa',101,1,2,3,7,2,1,2,2,2),(546,'NA','Doroneuria',101,1,2,3,7,2,3,3,2,2),(547,'NA','Doroneuria theodora',101,1,2,3,7,2,1,1,17,2),(548,'NA','Hesperoperla pacifica',101,1,2,3,7,2,1,2,2,2),(549,'NA','Arcynopteryx',101,1,2,3,7,2,3,3,2,2),(550,'NA','Arcynopteryx parallela',101,1,2,3,7,2,3,3,2,2),(551,'NA','Cultus',101,1,2,3,7,2,3,3,2,2),(552,'NA','Diura',101,1,2,3,7,2,3,3,2,2),(553,'NA','Diura knowltoni',101,1,2,3,7,2,1,2,2,2),(554,'NA','Isogenus',101,1,2,3,7,2,3,3,2,2),(555,'NA','Isoperla',101,1,2,3,7,2,3,3,2,2),(556,'NA','Isoperla ebria',101,1,2,3,7,2,1,3,2,2),(557,'NA','Isoperla fulva',101,1,2,3,7,2,1,2,2,2),(558,'NA','Isoperla longiseta',101,1,2,3,7,2,1,2,2,2),(559,'NA','Isoperla patricia',101,1,2,3,7,2,1,3,2,2),(560,'NA','Isoperla petersoni',101,1,2,3,7,2,1,2,2,2),(561,'NA','Kogotus',101,1,2,3,7,2,3,3,2,2),(562,'NA','Megarcys',101,1,2,3,7,2,3,3,2,2),(563,'NA','Megarcys watertoni',101,1,2,4,7,1,3,2,1,2),(564,'NA','Pictetiella',101,1,2,3,7,2,3,3,2,2),(565,'NA','Setvena bradleyi',101,1,2,4,7,1,3,6,1,2),(566,'NA','Skwala',101,1,2,3,7,2,3,3,2,2),(567,'NA','Skwala americana',101,1,2,3,7,2,1,2,2,2),(568,'NA','Pteronarcella badia',101,1,2,3,7,2,1,2,2,2),(569,'NA','Pteronarcys californica',101,1,2,3,7,2,1,2,2,2),(570,'NA','Doddsia',101,1,2,3,7,2,3,3,2,2),(571,'NA','Doddsia occidentalis',101,1,2,4,7,1,3,2,1,2),(572,'NA','Taenionema',101,1,2,3,7,2,3,3,2,2),(573,'NA','Apatania',101,1,2,3,7,2,3,3,2,2),(574,'NA','Brachycentrus',101,1,2,3,7,2,3,3,2,2),(575,'NA','Brachycentrus americanus',101,1,2,3,7,2,1,12,2,2),(576,'NA','Brachycentrus occidentalis',101,1,2,3,7,2,1,2,2,2),(577,'NA','Micrasema',101,1,2,3,7,2,3,3,2,2),(578,'NA','Anagapetus',101,1,2,3,7,2,3,3,2,2),(579,'NA','Glossosoma',101,1,2,3,7,2,3,3,2,2),(580,'NA','Arctopsyche',101,1,2,3,7,2,3,3,2,2),(581,'NA','Arctopsyche grandis',101,1,2,3,7,2,1,2,17,2),(582,'NA','Cheumatopsyche',101,1,2,3,7,2,3,3,2,2),(583,'NA','Hydropsyche',101,1,2,3,7,2,3,3,2,2),(584,'NA','Hydropsyche cockerelli',101,1,2,4,7,1,3,2,1,2),(585,'NA','Parapsyche',101,1,2,3,7,2,3,3,2,2),(586,'NA','Parapsyche elsis',101,1,2,3,7,2,1,2,17,2),(587,'NA','Lepidostoma',101,1,2,3,7,2,3,3,2,2),(588,'NA','Chyranda',101,1,2,3,7,2,3,3,2,2),(589,'NA','Clostoeca',101,1,2,3,7,2,3,3,2,2),(590,'NA','Dicosmoecus',101,1,2,3,7,2,3,3,2,2),(591,'NA','Ecclisomyia',101,1,2,3,7,2,3,3,2,2),(592,'NA','Frenesia',101,1,2,3,7,2,3,3,2,2),(593,'NA','Limnephilus',101,1,2,3,7,2,3,3,2,2),(594,'NA','Sortosa',101,1,2,3,7,2,3,3,2,2),(595,'NA','Rhyacophila',101,1,2,3,7,2,3,3,17,2),(596,'NA','Rhyacophila acropedes',101,1,2,3,7,2,1,3,2,2),(597,'NA','Rhyacophila angelita',101,1,2,3,7,2,1,2,2,2),(598,'NA','Rhyacophila bifila',101,1,2,3,7,2,1,2,2,2),(599,'NA','Rhyacophila coloradensis',101,1,2,3,7,2,1,2,2,2),(600,'NA','Rhyacophila hyalinata',101,1,2,3,7,2,1,2,2,2),(601,'NA','Rhyacophila vagrita',101,1,2,3,7,2,1,2,2,2),(602,'NA','Rhyacophila vepulsa',101,1,2,3,7,2,1,3,2,2),(603,'NA','Neophylax',101,1,2,3,7,2,3,3,2,2),(604,'NA','Neothremma',101,1,2,3,7,2,3,3,2,2),(605,'NA','Oligophlebodes',101,1,2,3,7,2,3,3,17,2),(606,'aquatic oligochaete worm','Lumbriculidae',135,1,2,3,7,2,3,3,1,2),(607,'NA','Planaria',135,1,2,3,7,2,3,3,2,2),(608,'NA','Acarospora chlorophana',137,1,2,1,7,1,1,3,4,2),(609,'NA','Acarospora fuscata',137,1,2,1,7,1,1,2,4,2),(610,'NA','Acarospora glaucocarpa',137,1,2,1,7,1,1,2,4,2),(611,'NA','Acarospora schleicheri',137,1,2,1,7,1,1,4,4,2),(612,'NA','Acarospora veronensis',137,1,2,1,7,1,1,2,4,2),(613,'NA','Polysporina simplex',137,1,2,1,7,1,1,12,4,2),(614,'NA','Rimularia insularis',137,1,2,1,7,1,1,3,4,2),(615,'NA','Trapeliopsis granulosa',137,1,2,1,7,1,1,2,4,2),(616,'NA','Chrysothrix candelaris',137,1,2,1,7,1,1,2,4,2),(617,'NA','Candelariella aurella',137,1,2,1,7,1,1,2,4,2),(618,'NA','Candelariella terrigena',137,1,2,1,7,1,1,3,4,2),(619,'NA','Candelariella vitellina',137,1,2,1,7,1,1,2,4,2),(620,'NA','Cladonia bacillaris',137,1,2,1,7,1,1,3,4,2),(621,'NA','Cladonia borealis',137,1,2,1,7,1,1,2,4,2),(622,'NA','Cladonia botrytes',137,1,2,1,7,1,1,2,4,2),(623,'NA','Cladonia cariosa',137,1,2,1,7,1,1,2,4,2),(624,'NA','Cladonia carneola',137,1,2,1,7,1,1,2,4,2),(625,'NA','Cladonia cenotea',137,1,2,1,7,1,1,2,4,2),(626,'NA','Cladonia cervicornis',137,1,2,1,7,1,1,2,4,2),(627,'NA','Cladonia chlorophaea',137,1,2,1,7,1,1,2,4,2),(628,'NA','Cladonia coniocraea',137,1,2,1,7,1,1,2,4,2),(629,'NA','Cladonia cornuta',137,1,2,1,7,1,1,2,4,2),(630,'NA','Cladonia crispata',137,1,2,1,7,1,1,2,4,2),(631,'NA','Cladonia deformis',137,1,2,1,7,1,1,2,4,2),(632,'NA','Cladonia digitata',137,1,2,1,7,1,1,2,4,2),(633,'NA','Cladonia ecmocyna',137,1,2,1,7,1,1,2,4,2),(634,'NA','Cladonia fimbriata',137,1,2,1,7,1,1,2,4,2),(635,'NA','Cladonia gracilis',137,1,2,1,7,1,1,2,4,2),(636,'NA','Cladonia luteoalba',137,1,2,1,7,1,1,13,4,2),(637,'NA','Cladonia macrophyllodes',137,1,2,1,7,1,1,2,4,2),(638,'NA','Cladonia merochlorophaea',137,1,2,1,7,1,1,2,4,2),(639,'NA','Cladonia mitis',137,1,2,1,7,1,1,3,4,2),(640,'NA','Cladonia multiformis',137,1,2,1,7,1,1,2,4,2),(641,'NA','Cladonia ochrochlora',137,1,2,1,7,1,1,2,4,2),(642,'NA','Cladonia phylophora',137,1,2,1,7,1,1,3,4,2),(643,'NA','Cladonia pleurota',137,1,2,1,7,1,1,2,4,2),(644,'NA','Cladonia pocillum',137,1,2,1,7,1,1,2,4,2),(645,'NA','Cladonia pyxidata',137,1,2,1,7,1,1,2,4,2),(646,'NA','Cladonia rei',137,1,2,1,7,1,1,2,4,2),(647,'NA','Cladonia squamosa',137,1,2,1,7,1,1,2,4,2),(648,'NA','Cladonia sulphurina',137,1,2,1,7,1,1,2,4,2),(649,'NA','Cladonia umbricola',137,1,2,1,7,1,1,2,4,2),(650,'NA','Cladonia verruculosa',137,1,2,1,7,1,1,2,4,2),(651,'NA','Aspicilia',137,1,2,3,1,1,3,3,1,2),(652,'NA','Aspicilia alphoplaca',137,1,2,1,7,1,1,3,4,2),(653,'NA','Aspicilia aquatica',137,1,2,1,7,1,1,10,4,2),(654,'NA','Aspicilia candida',137,1,2,1,7,1,1,2,4,2),(655,'NA','Aspicilia cinerea',137,1,2,1,7,1,1,2,4,2),(656,'NA','Aspicilia cingulata',137,1,2,1,7,1,1,14,4,2),(657,'NA','Aspicilia melanaspis',137,1,2,1,7,1,1,3,4,2),(658,'NA','Aspicilia subplicigera',137,1,2,1,7,1,1,14,4,2),(659,'NA','Carbonea vitellinaria',137,1,2,1,7,1,1,12,4,2),(660,'NA','Carbonea vorticosa',137,1,2,1,7,1,1,6,4,2),(661,'NA','Lecanora argopholis',137,1,2,1,7,1,1,2,4,2),(662,'NA','Lecanora atrosulphurea',137,1,2,1,7,1,1,14,4,2),(663,'NA','Lecanora behringii',137,1,2,1,7,1,1,3,4,2),(664,'NA','Lecanora carpinea',137,1,2,1,7,1,1,4,4,2),(665,'NA','Lecanora chlarotera',137,1,2,1,7,1,1,2,4,2),(666,'NA','Lecanora circumborealis',137,1,2,3,1,1,3,2,1,2),(667,'NA','Lecanora dispersa',137,1,2,1,7,1,1,3,4,2),(668,'NA','Lecanora epibryon',137,1,2,1,7,1,1,2,4,2),(669,'NA','Lecanora fuscescens',137,1,2,1,7,1,1,14,4,2),(670,'NA','Lecanora garovaglii',137,1,2,1,7,1,1,3,4,2),(671,'NA','Lecanora hagenii',137,1,2,1,7,1,1,3,4,2),(672,'NA','Lecanora impudens',137,1,2,1,7,1,1,2,4,2),(673,'NA','Lecanora intricata',137,1,2,1,7,1,1,12,4,2),(674,'NA','Lecanora marginata',137,1,2,1,7,1,1,6,4,2),(675,'NA','Lecanora microfusca',137,1,2,1,7,1,1,11,4,2),(676,'NA','Lecanora muralis',137,1,2,1,7,1,1,3,4,2),(677,'NA','Lecanora novomexicana',137,1,2,1,7,1,1,3,4,2),(678,'NA','Lecanora pacifica',137,1,2,1,7,1,1,6,4,2),(679,'NA','Lecanora piniperda',137,1,2,1,7,1,1,3,4,2),(680,'NA','Lecanora polytropa',137,1,2,1,7,1,1,2,4,2),(681,'NA','Lecanora pringlei',137,1,2,1,7,1,1,15,4,2),(682,'NA','Lecanora pulicaris',137,1,2,1,7,1,1,2,4,2),(683,'NA','Lecanora reagens',137,1,2,1,7,1,1,4,4,2),(684,'NA','Lecanora rugosella',137,1,2,1,7,1,1,3,4,2),(685,'NA','Lecanora rupicola',137,1,2,1,7,1,1,2,4,2),(686,'NA','Lecanora salicicola',137,1,2,1,7,1,1,10,4,2),(687,'NA','Lecanora symmicta',137,1,2,1,7,1,1,2,4,2),(688,'NA','Lecanora thomsonii',137,1,2,1,7,1,1,3,4,2),(689,'NA','Lecanora varia',137,1,2,1,7,1,1,2,4,2),(690,'NA','Lecanora zosterae',137,1,2,1,7,1,1,3,4,2),(691,'NA','Lecidella anomaloides',137,1,2,1,7,1,1,4,4,2),(692,'NA','Lecidella euphorea',137,1,2,1,7,1,1,12,4,2),(693,'NA','Lecidella patavina',137,1,2,1,7,1,1,4,4,2),(694,'NA','Lecidella stigmatea',137,1,2,1,7,1,1,2,4,2),(695,'NA','Miriquidica garovaglii',137,1,2,1,7,1,1,3,4,2),(696,'NA','Mycoblastus sanguinarius',137,1,2,1,7,1,1,6,4,2),(697,'NA','Tephromela armeniaca',137,1,2,1,7,1,1,3,4,2),(698,'NA','Ahtiana sphaerosporella',137,1,2,1,7,1,1,2,4,2),(699,'Imshaug\'s witch\'s hair lichen','Alectoria imshaugii',137,1,2,3,1,1,3,12,1,2),(700,'witch\'s hair lichen','Alectoria sarmentosa',137,1,2,3,1,1,3,2,1,2),(701,'NA','Allantoparmelia alpicola',137,1,2,1,7,1,1,2,4,2),(702,'NA','Brodoa oroarctica',137,1,2,1,7,1,1,2,4,2),(703,'NA','Bryoria abbreviata',137,1,2,1,7,1,1,3,4,2),(704,'NA','Bryoria capillaris',137,1,2,3,1,1,3,3,1,2),(705,'NA','Bryoria chalybeiformis',137,1,2,1,7,1,1,3,4,2),(706,'NA','Bryoria fremontii',137,1,2,3,1,1,3,4,1,2),(707,'NA','Bryoria fuscescens',137,1,2,3,1,1,3,2,1,2),(708,'NA','Bryoria glabra',137,1,2,3,1,1,3,6,1,2),(709,'NA','Bryoria implexa',137,1,2,1,7,1,1,4,4,2),(710,'NA','Bryoria lanestris',137,1,2,1,7,1,1,3,4,2),(711,'NA','Bryoria nadvornikiana',137,1,2,1,7,1,1,2,4,2),(712,'NA','Bryoria pseudofuscescens',137,1,2,3,1,1,3,2,1,2),(713,'NA','Cetraria commixta',137,1,2,1,7,1,1,3,4,2),(714,'NA','Cetraria cucullata',137,1,2,1,7,1,1,3,4,2),(715,'NA','Cetraria hepatizon',137,1,2,1,7,1,1,3,4,2),(716,'NA','Cetraria nivalis',137,1,2,1,7,1,1,3,4,2),(717,'NA','Cetraria subalpina',137,1,2,1,7,1,1,3,4,2),(718,'NA','Cetraria tilesii',137,1,2,1,7,1,1,3,4,2),(719,'NA','Coelocaulon aculeatum',137,1,2,1,7,1,1,3,4,2),(720,'NA','Coelocaulon muricatum',137,1,2,1,7,1,1,3,4,2),(721,'NA','Cornicularia normoerica',137,1,2,1,7,1,1,6,4,2),(722,'NA','Dactylina ramulosa',137,1,2,1,7,1,1,2,4,2),(723,'NA','Esslingeriana idahoensis',137,1,2,3,1,1,3,2,1,2),(724,'NA','Evernia divaricata',137,1,2,1,7,1,1,6,4,2),(725,'NA','Evernia prunastri',137,1,2,1,7,1,1,2,4,2),(726,'NA','Hypogymnia austerodes',137,1,2,3,1,1,3,2,1,2),(727,'NA','Hypogymnia enteromorpha',137,1,2,3,1,1,3,2,1,2),(728,'NA','Hypogymnia imshaugii',137,1,2,3,1,1,3,2,1,2),(729,'NA','Hypogymnia metaphysodes',137,1,2,3,1,1,3,14,1,2),(730,'NA','Hypogymnia occidentalis',137,1,2,1,7,1,1,2,4,2),(731,'NA','Hypogymnia physodes',137,1,2,3,1,1,3,2,1,2),(732,'NA','Hypogymnia tubulosa',137,1,2,3,1,1,3,2,1,2),(733,'NA','Letharia columbiana',137,1,2,1,7,1,1,14,4,2),(734,'NA','Letharia vulpina',137,1,2,3,1,1,3,2,1,2),(735,'NA','Melanelia exasperatula',137,1,2,3,1,1,3,3,1,2),(736,'NA','Nodobryoria abbreviata',137,1,2,3,1,1,3,16,1,2),(737,'NA','Nodobryoria oregana',137,1,2,3,1,1,3,14,1,2),(738,'NA','Parmelia fraudans',137,1,2,1,7,1,1,2,4,2),(739,'NA','Parmelia hygrophila',137,1,2,1,7,1,1,2,4,2),(740,'NA','Parmelia omphalodes',137,1,2,1,7,1,1,2,4,2),(741,'NA','Parmelia saxatilis',137,1,2,1,7,1,1,2,4,2),(742,'POWDERED SHIELD','Parmelia sulcata',137,1,2,3,1,1,3,2,1,2),(743,'NA','Parmeliopsis aleurites',137,1,2,1,7,1,1,3,4,2),(744,'NA','Parmeliopsis ambigua',137,1,2,3,1,1,3,2,1,2),(745,'NA','Parmeliopsis hyperopta',137,1,2,3,1,1,3,2,1,2),(746,'NA','Platismatia glauca',137,1,2,3,1,1,3,2,1,2),(747,'NA','Protoparmelia badia',137,1,2,1,7,1,1,6,4,2),(748,'NA','Protoparmelia ochrococca',137,1,2,1,7,1,1,4,4,2),(749,'NA','Pseudephebe minuscula',137,1,2,1,7,1,1,2,4,2),(750,'NA','Pseudephebe pubescens',137,1,2,1,7,1,1,2,4,2),(751,'NA','Rhizoplaca chrysoleuca',137,1,2,1,7,1,1,2,4,2),(752,'NA','Rhizoplaca melanophthalma',137,1,2,1,7,1,1,2,4,2),(753,'NA','Rhizoplaca peltata',137,1,2,1,7,1,1,3,4,2),(754,'NA','Tuckermannopsis chlorophylla',137,1,2,3,1,1,3,2,1,2),(755,'NA','Tuckermannopsis platyplylla',137,1,2,3,1,1,3,3,1,2),(756,'NA','Usnea lapponica',137,1,2,1,7,1,1,3,4,2),(757,'NA','Usnea subfloridana',137,1,2,1,7,1,1,2,4,2),(758,'NA','Usnea substerilis',137,1,2,1,7,1,1,3,4,2),(759,'NA','Vulpicida canadensis',137,1,2,3,1,1,3,2,1,2),(760,'NA','Bacidia bagliettoana',137,1,2,1,7,1,1,2,4,2),(761,'NA','Bacidia beckhausii',137,1,2,1,7,1,1,3,4,2),(762,'NA','Bacidia circumspecta',137,1,2,1,7,1,1,3,4,2),(763,'NA','Bacidia herrei',137,1,2,1,7,1,1,3,4,2),(764,'NA','Bacidia laurocerasi',137,1,2,1,7,1,1,4,4,2),(765,'NA','Bacidia trachona',137,1,2,1,7,1,1,2,4,2),(766,'NA','Ramalina dilacerata',137,1,2,1,7,1,1,2,4,2),(767,'NA','Ramalina obtusata',137,1,2,1,7,1,1,2,4,2),(768,'NA','Ramalina thrausta',137,1,2,1,7,1,1,2,4,2),(769,'NA','Stereocaulon paschale',137,1,2,1,7,1,1,2,4,2),(770,'NA','Hypocenomyce scalaris',137,1,2,1,7,1,1,2,4,2),(771,'NA','Lecidea',137,1,2,3,1,1,3,3,1,2),(772,'NA','Lecidea tessellata',137,1,2,1,7,1,1,2,4,2),(773,'NA','Bellemerea alpina',137,1,2,1,7,1,1,14,4,2),(774,'NA','Bellemerea cinereorufescens',137,1,2,1,7,1,1,14,4,2),(775,'NA','Bellemerea diamarta',137,1,2,1,7,1,1,4,4,2),(776,'NA','Phlyctis speirea',137,1,2,1,7,1,1,4,4,2),(777,'NA','Collema ceraniscum',137,1,2,1,7,1,1,3,4,2),(778,'NA','Collema curtisporum',137,1,2,1,7,1,1,9,4,2),(779,'NA','Collema furfuraceum',137,1,2,1,7,1,1,2,4,2),(780,'NA','Collema fuscovirens',137,1,2,1,7,1,1,3,4,2),(781,'NA','Collema tenax',137,1,2,1,7,1,1,3,4,2),(782,'NA','Collema undulatum',137,1,2,1,7,1,1,3,4,2),(783,'NA','Leptogium hirsutum',137,1,2,1,7,1,1,2,4,2),(784,'NA','Leptogium lichenoides',137,1,2,1,7,1,1,3,4,2),(785,'NA','Leptogium minutissimum',137,1,2,1,7,1,1,3,4,2),(786,'NA','Leptogium saturninum',137,1,2,1,7,1,1,4,4,2),(787,'NA','Leptogium teretiusculum',137,1,2,1,7,1,1,3,4,2),(788,'NA','Lobaria hallii',137,1,2,1,7,1,1,16,4,2),(789,'NA','Lobaria pulmonaria',137,1,2,1,7,1,1,2,4,2),(790,'NA','Nephroma bellum',137,1,2,1,7,1,1,2,4,2),(791,'NA','Nephroma helveticum',137,1,2,1,7,1,1,2,4,2),(792,'NA','Nephroma parile',137,1,2,1,7,1,1,2,4,2),(793,'NA','Nephroma resupinatum',137,1,2,1,7,1,1,2,4,2),(794,'NA','Leproloma angardianum',137,1,2,1,7,1,1,3,4,2),(795,'NA','Pannaria pezizoides',137,1,2,1,7,1,1,3,4,2),(796,'NA','Pannaria praetermissa',137,1,2,1,7,1,1,3,4,2),(797,'NA','Parmeliella triptophylla',137,1,2,1,7,1,1,2,4,2),(798,'NA','Peltigera aphthosa',137,1,2,1,7,1,1,2,4,2),(799,'NA','Peltigera canina',137,1,2,1,7,1,1,2,4,2),(800,'NA','Peltigera collina',137,1,2,1,7,1,1,6,4,2),(801,'NA','Peltigera didactyla',137,1,2,1,7,1,1,2,4,2),(802,'NA','Peltigera elisabethae',137,1,2,1,7,1,1,2,4,2),(803,'NA','Peltigera horizontalis',137,1,2,1,7,1,1,2,4,2),(804,'NA','Peltigera kristinssonii',137,1,2,1,7,1,1,6,4,2),(805,'NA','Peltigera lepidophora',137,1,2,1,7,1,1,2,4,2),(806,'NA','Peltigera leucophlebia',137,1,2,1,7,1,1,2,4,2),(807,'NA','Peltigera malacea',137,1,2,1,7,1,1,2,4,2),(808,'NA','Peltigera membranacea',137,1,2,1,7,1,1,2,4,2),(809,'NA','Peltigera neckeri',137,1,2,1,7,1,1,2,4,2),(810,'NA','Peltigera neopolydactyla',137,1,2,1,7,1,1,2,4,2),(811,'NA','Peltigera ponojensis',137,1,2,1,7,1,1,2,4,2),(812,'NA','Peltigera rufescens',137,1,2,1,7,1,1,2,4,2),(813,'NA','Peltigera scabrosa',137,1,2,1,7,1,1,2,4,2),(814,'NA','Peltigera venosa',137,1,2,1,7,1,1,2,4,2),(815,'NA','Polychidium muscicola',137,1,2,1,7,1,1,2,4,2),(816,'NA','Thamnolia subuliformis',137,1,2,1,7,1,1,2,4,2),(817,'NA','Ochrolechia szatalaensis',137,1,2,1,7,1,1,4,4,2),(818,'NA','Ochrolechia upsaliensis',137,1,2,1,7,1,1,6,4,2),(819,'NA','Pertusaria ophthalmiza',137,1,2,1,7,1,1,3,4,2),(820,'NA','Pertusaria stenhammari',137,1,2,1,7,1,1,3,4,2),(821,'NA','Sporastatia testudinea',137,1,2,1,7,1,1,2,4,2),(822,'NA','Toninia candida',137,1,2,1,7,1,1,14,4,2),(823,'NA','Toninia squalida',137,1,2,1,7,1,1,14,4,2),(824,'NA','Rhizocarpon',137,1,2,3,1,1,3,3,1,2),(825,'NA','Rhizocarpon disporum',137,1,2,1,7,1,1,6,4,2),(826,'NA','Buellia disciformis',137,1,2,1,7,1,1,2,4,2),(827,'NA','Buellia geophila',137,1,2,1,7,1,1,3,4,2),(828,'NA','Buellia papillata',137,1,2,1,7,1,1,3,4,2),(829,'NA','Buellia punctata',137,1,2,1,7,1,1,3,4,2),(830,'NA','Dimelaena oreina',137,1,2,1,7,1,1,2,4,2),(831,'NA','Diplotomma epipolium',137,1,2,1,7,1,1,3,4,2),(832,'NA','Diplotomma penichrum',137,1,2,1,7,1,1,4,4,2),(833,'NA','Phaeophyscia kairamoi',137,1,2,1,7,1,1,6,4,2),(834,'NA','Phaeophyscia orbicularis',137,1,2,1,7,1,1,2,4,2),(835,'NA','Phaeophyscia sciastra',137,1,2,1,7,1,1,2,4,2),(836,'NA','Physcia adscendens',137,1,2,1,7,1,1,2,4,2),(837,'NA','Physcia aipolia',137,1,2,1,7,1,1,2,4,2),(838,'NA','Physcia biziana',137,1,2,1,7,1,1,2,4,2),(839,'NA','Physcia caesia',137,1,2,1,7,1,1,2,4,2),(840,'NA','Physcia dimidiata',137,1,2,1,7,1,1,12,4,2),(841,'NA','Physcia dubia',137,1,2,1,7,1,1,2,4,2),(842,'NA','Physcia phaea',137,1,2,1,7,1,1,6,4,2),(843,'NA','Physcia stellaris',137,1,2,1,7,1,1,2,4,2),(844,'NA','Physcia tenella',137,1,2,1,7,1,1,2,4,2),(845,'NA','Physconia detersa',137,1,2,1,7,1,1,2,4,2),(846,'NA','Physconia distorta',137,1,2,1,7,1,1,3,4,2),(847,'NA','Physconia enteroxantha',137,1,2,1,7,1,1,2,4,2),(848,'NA','Physconia muscigena',137,1,2,1,7,1,1,2,4,2),(849,'NA','Physconia perisidiosa',137,1,2,1,7,1,1,2,4,2),(850,'NA','Rinodina archaea',137,1,2,1,7,1,1,6,4,2),(851,'NA','Rinodina lignaria',137,1,2,1,7,1,1,3,4,2),(852,'NA','Rinodina mniaraea',137,1,2,1,7,1,1,3,4,2),(853,'NA','Rinodina pyrina',137,1,2,1,7,1,1,4,4,2),(854,'NA','Rinodina roscida',137,1,2,1,7,1,1,12,4,2),(855,'NA','Rinodina septentrionalis',137,1,2,1,7,1,1,14,4,2),(856,'NA','Rinodina turfacea',137,1,2,1,7,1,1,2,4,2),(857,'NA','Rinodina zwackhiana',137,1,2,1,7,1,1,4,4,2),(858,'NA','Caloplaca ammiospila',137,1,2,1,7,1,1,3,4,2),(859,'NA','Caloplaca arenaria',137,1,2,1,7,1,1,3,4,2),(860,'NA','Caloplaca atrosanguinea',137,1,2,1,7,1,1,4,4,2),(861,'NA','Caloplaca cladodes',137,1,2,1,7,1,1,3,4,2),(862,'NA','Caloplaca crenularia',137,1,2,1,7,1,1,3,4,2),(863,'NA','Caloplaca epithallina',137,1,2,1,7,1,1,14,4,2),(864,'NA','Caloplaca ferruginea',137,1,2,1,7,1,1,3,4,2),(865,'NA','Caloplaca flavorubescens',137,1,2,1,7,1,1,3,4,2),(866,'NA','Caloplaca fraudans',137,1,2,1,7,1,1,2,4,2),(867,'NA','Caloplaca holocarpa',137,1,2,1,7,1,1,3,4,2),(868,'NA','Caloplaca jungermanniae',137,1,2,1,7,1,1,3,4,2),(869,'NA','Caloplaca saxicola',137,1,2,1,7,1,1,2,4,2),(870,'NA','Caloplaca tiroliensis',137,1,2,1,7,1,1,3,4,2),(871,'NA','Caloplaca tominii',137,1,2,1,7,1,1,3,4,2),(872,'NA','Caloplaca variabilis',137,1,2,1,7,1,1,3,4,2),(873,'NA','Fulgensia bracteata',137,1,2,1,7,1,1,3,4,2),(874,'NA','Teloschistes contortuplicatus',137,1,2,1,7,1,1,3,4,2),(875,'NA','Xanthoria candelaria',137,1,2,1,7,1,1,3,4,2),(876,'NA','Xanthoria elegans',137,1,2,1,7,1,1,3,4,2),(877,'NA','Xanthoria fallax',137,1,2,1,7,1,1,3,4,2),(878,'NA','Xanthoria polycarpa',137,1,2,1,7,1,1,3,4,2),(879,'NA','Xanthoria sorediata',137,1,2,1,7,1,1,3,4,2),(880,'NA','Fuscidea praeruptorum',137,1,2,1,7,1,1,4,4,2),(881,'NA','Umbillicaria hyperborea',137,1,2,3,1,1,3,3,1,2),(882,'NA','Umbillicaria terrefacta',137,1,2,3,1,1,3,3,1,2),(883,'NA','Dermatocarpon miniatum',137,1,2,1,7,1,1,2,4,2),(884,'Didymo, Rock snot','Didymosphenia geminata',166,1,2,4,7,6,3,3,3,2),(885,'Glacier gold','Distrionella incognita',166,1,2,4,5,6,3,3,3,2);
/*!40000 ALTER TABLE `animals` ENABLE KEYS */;
UNLOCK TABLES;

--
-- Table structure for table `approvals`
--

DROP TABLE IF EXISTS `approvals`;
/*!40101 SET @saved_cs_client     = @@character_set_client */;
/*!50503 SET character_set_client = utf8mb4 */;
CREATE TABLE `approvals` (
  `Approval_id` int NOT NULL AUTO_INCREMENT,
  `Approval` varchar(15) DEFAULT NULL,
  `Native_tag` varchar(15) DEFAULT NULL,
  `Accepted_or_not` varchar(15) DEFAULT NULL,
  PRIMARY KEY (`Approval_id`)
) ENGINE=InnoDB AUTO_INCREMENT=5 DEFAULT CHARSET=utf8mb3;
/*!40101 SET character_set_client = @saved_cs_client */;

--
-- Dumping data for table `approvals`
--

LOCK TABLES `approvals` WRITE;
/*!40000 ALTER TABLE `approvals` DISABLE KEYS */;
INSERT INTO `approvals` VALUES (1,'Approved','NA','TRUE'),(2,'In Review','NA','TRUE'),(3,'In Review','NA','FALSE'),(4,'Approved','Cultivated','TRUE');
/*!40000 ALTER TABLE `approvals` ENABLE KEYS */;
UNLOCK TABLES;

--
-- Table structure for table `evidence`
--

DROP TABLE IF EXISTS `evidence`;
/*!40101 SET @saved_cs_client     = @@character_set_client */;
/*!50503 SET character_set_client = utf8mb4 */;
CREATE TABLE `evidence` (
  `Evidence_id` int NOT NULL AUTO_INCREMENT,
  `References` int DEFAULT NULL,
  `Observations` int DEFAULT NULL,
  `Vouchers` int DEFAULT NULL,
  PRIMARY KEY (`Evidence_id`)
) ENGINE=InnoDB AUTO_INCREMENT=22 DEFAULT CHARSET=utf8mb3;
/*!40101 SET character_set_client = @saved_cs_client */;

--
-- Dumping data for table `evidence`
--

LOCK TABLES `evidence` WRITE;
/*!40000 ALTER TABLE `evidence` DISABLE KEYS */;
INSERT INTO `evidence` VALUES (1,1,0,0),(2,3,0,0),(3,2,0,0),(4,0,0,0),(5,1,0,1),(6,2,0,9),(7,1,0,4),(8,0,0,1),(9,2,0,1),(10,0,0,2),(11,3,0,2),(12,3,0,8),(13,3,0,18),(14,3,0,13),(15,2,1,0),(16,0,1,0),(17,4,0,0),(18,3,6,0),(19,5,0,0),(20,3,1,0),(21,4,9,0);
/*!40000 ALTER TABLE `evidence` ENABLE KEYS */;
UNLOCK TABLES;

--
-- Table structure for table `global_ranks`
--

DROP TABLE IF EXISTS `global_ranks`;
/*!40101 SET @saved_cs_client     = @@character_set_client */;
/*!50503 SET character_set_client = utf8mb4 */;
CREATE TABLE `global_ranks` (
  `Global_rank_id` int NOT NULL AUTO_INCREMENT,
  `Global_rank` varchar(10) DEFAULT NULL,
  PRIMARY KEY (`Global_rank_id`)
) ENGINE=InnoDB AUTO_INCREMENT=17 DEFAULT CHARSET=utf8mb3;
/*!40101 SET character_set_client = @saved_cs_client */;

--
-- Dumping data for table `global_ranks`
--

LOCK TABLES `global_ranks` WRITE;
/*!40000 ALTER TABLE `global_ranks` DISABLE KEYS */;
INSERT INTO `global_ranks` VALUES (1,'G4'),(2,'G5'),(3,'NA'),(4,'GNR'),(5,'G3G4'),(6,'G4G5'),(7,'G5T4'),(8,'G2'),(9,'G3'),(10,'G2G4'),(11,'G1G2'),(12,'G5?'),(13,'G2G3'),(14,'G3G5'),(15,'G3Q'),(16,'G4?');
/*!40000 ALTER TABLE `global_ranks` ENABLE KEYS */;
UNLOCK TABLES;

--
-- Table structure for table `native`
--

DROP TABLE IF EXISTS `native`;
/*!40101 SET @saved_cs_client     = @@character_set_client */;
/*!50503 SET character_set_client = utf8mb4 */;
CREATE TABLE `native` (
  `Native_id` int NOT NULL AUTO_INCREMENT,
  `Native_to_park` varchar(15) DEFAULT NULL,
  PRIMARY KEY (`Native_id`)
) ENGINE=InnoDB AUTO_INCREMENT=5 DEFAULT CHARSET=utf8mb3;
/*!40101 SET character_set_client = @saved_cs_client */;

--
-- Dumping data for table `native`
--

LOCK TABLES `native` WRITE;
/*!40000 ALTER TABLE `native` DISABLE KEYS */;
INSERT INTO `native` VALUES (1,'Native'),(2,'Non-native'),(3,'NA'),(4,'Unknown');
/*!40000 ALTER TABLE `native` ENABLE KEYS */;
UNLOCK TABLES;

--
-- Table structure for table `Prescence`
--

DROP TABLE IF EXISTS `Prescence`;
/*!40101 SET @saved_cs_client     = @@character_set_client */;
/*!50503 SET character_set_client = utf8mb4 */;
CREATE TABLE `Prescence` (
  `Present_id` int NOT NULL AUTO_INCREMENT,
  `Present_in_park` varchar(15) DEFAULT NULL,
  PRIMARY KEY (`Present_id`)
) ENGINE=InnoDB AUTO_INCREMENT=6 DEFAULT CHARSET=utf8mb3;
/*!40101 SET character_set_client = @saved_cs_client */;

--
-- Dumping data for table `Prescence`
--

LOCK TABLES `Prescence` WRITE;
/*!40000 ALTER TABLE `Prescence` DISABLE KEYS */;
INSERT INTO `Prescence` VALUES (1,'Not In Park'),(2,'Present'),(4,'NA'),(5,'Unconfirmed');
/*!40000 ALTER TABLE `Prescence` ENABLE KEYS */;
UNLOCK TABLES;

--
-- Table structure for table `rarities`
--

DROP TABLE IF EXISTS `rarities`;
/*!40101 SET @saved_cs_client     = @@character_set_client */;
/*!50503 SET character_set_client = utf8mb4 */;
CREATE TABLE `rarities` (
  `Rarity_id` int NOT NULL AUTO_INCREMENT,
  `Rarity` varchar(15) DEFAULT NULL,
  PRIMARY KEY (`Rarity_id`)
) ENGINE=InnoDB AUTO_INCREMENT=8 DEFAULT CHARSET=utf8mb3;
/*!40101 SET character_set_client = @saved_cs_client */;

--
-- Dumping data for table `rarities`
--

LOCK TABLES `rarities` WRITE;
/*!40000 ALTER TABLE `rarities` DISABLE KEYS */;
INSERT INTO `rarities` VALUES (1,'NA'),(2,'Common'),(3,'Abundant'),(4,'Uncommon'),(5,'Rare'),(6,'Occasional'),(7,'Unknown');
/*!40000 ALTER TABLE `rarities` ENABLE KEYS */;
UNLOCK TABLES;

--
-- Table structure for table `roles`
--

DROP TABLE IF EXISTS `roles`;
/*!40101 SET @saved_cs_client     = @@character_set_client */;
/*!50503 SET character_set_client = utf8mb4 */;
CREATE TABLE `roles` (
  `Role_id` int NOT NULL AUTO_INCREMENT,
  `Role` varchar(25) DEFAULT NULL,
  PRIMARY KEY (`Role_id`)
) ENGINE=InnoDB AUTO_INCREMENT=7 DEFAULT CHARSET=utf8mb3;
/*!40101 SET character_set_client = @saved_cs_client */;

--
-- Dumping data for table `roles`
--

LOCK TABLES `roles` WRITE;
/*!40000 ALTER TABLE `roles` DISABLE KEYS */;
INSERT INTO `roles` VALUES (1,'NA'),(2,'Breeder'),(3,'Resident'),(4,'Vagrant'),(5,'Migratory'),(6,'Management Priority');
/*!40000 ALTER TABLE `roles` ENABLE KEYS */;
UNLOCK TABLES;

--
-- Table structure for table `species`
--

DROP TABLE IF EXISTS `species`;
/*!40101 SET @saved_cs_client     = @@character_set_client */;
/*!50503 SET character_set_client = utf8mb4 */;
CREATE TABLE `species` (
  `Species_id` int NOT NULL AUTO_INCREMENT,
  `species_category` varchar(30) NOT NULL,
  `Order` varchar(25) NOT NULL,
  `Family` varchar(25) NOT NULL,
  PRIMARY KEY (`Species_id`)
) ENGINE=InnoDB AUTO_INCREMENT=168 DEFAULT CHARSET=utf8mb3;
/*!40101 SET character_set_client = @saved_cs_client */;

--
-- Dumping data for table `species`
--

LOCK TABLES `species` WRITE;
/*!40000 ALTER TABLE `species` DISABLE KEYS */;
INSERT INTO `species` VALUES (1,'Mammal','Artiodactyla','Bovidae'),(2,'Mammal','Artiodactyla','Cervidae'),(3,'Mammal','Carnivora','Canidae'),(4,'Mammal','Carnivora','Felidae'),(5,'Mammal','Carnivora','Mephitidae'),(6,'Mammal','Carnivora','Mustelidae'),(7,'Mammal','Carnivora','Procyonidae'),(8,'Mammal','Carnivora','Ursidae'),(9,'Mammal','Chiroptera','Vespertilionidae'),(10,'Mammal','Lagomorpha','Leporidae'),(11,'Mammal','Lagomorpha','Ochotonidae'),(12,'Mammal','Rodentia','Castoridae'),(13,'Mammal','Rodentia','Cricetidae'),(14,'Mammal','Rodentia','Dipodidae'),(15,'Mammal','Rodentia','Erethizontidae'),(16,'Mammal','Rodentia','Geomyidae'),(17,'Mammal','Rodentia','Sciuridae'),(18,'Mammal','Soricomorpha','Soricidae'),(19,'Bird','Accipitriformes','Accipitridae'),(20,'Bird','Accipitriformes','Cathartidae'),(21,'Bird','Accipitriformes','Pandionidae'),(22,'Bird','Anseriformes','Anatidae'),(23,'Bird','Apodiformes','Apodidae'),(24,'Bird','Apodiformes','Trochilidae'),(25,'Bird','Caprimulgiformes','Caprimulgidae'),(26,'Bird','Charadriiformes','Charadriidae'),(27,'Bird','Charadriiformes','Laridae'),(28,'Bird','Charadriiformes','Recurvirostridae'),(29,'Bird','Charadriiformes','Scolopacidae'),(30,'Bird','Columbiformes','Columbidae'),(31,'Bird','Coraciiformes','Alcedinidae'),(32,'Bird','Falconiformes','Falconidae'),(33,'Bird','Galliformes','Phasianidae'),(34,'Bird','Gaviiformes','Gaviidae'),(35,'Bird','Gruiformes','Gruidae'),(36,'Bird','Gruiformes','Rallidae'),(37,'Bird','Passeriformes','Alaudidae'),(38,'Bird','Passeriformes','Bombycillidae'),(39,'Bird','Passeriformes','Calcariidae'),(40,'Bird','Passeriformes','Cardinalidae'),(41,'Bird','Passeriformes','Certhiidae'),(42,'Bird','Passeriformes','Cinclidae'),(43,'Bird','Passeriformes','Corvidae'),(44,'Bird','Passeriformes','Fringillidae'),(45,'Bird','Passeriformes','Hirundinidae'),(46,'Bird','Passeriformes','Icteridae'),(47,'Bird','Passeriformes','Laniidae'),(48,'Bird','Passeriformes','Mimidae'),(49,'Bird','Passeriformes','Motacillidae'),(50,'Bird','Passeriformes','Paridae'),(51,'Bird','Passeriformes','Parulidae'),(52,'Bird','Passeriformes','Passerellidae'),(53,'Bird','Passeriformes','Passeridae'),(54,'Bird','Passeriformes','Regulidae'),(55,'Bird','Passeriformes','Sittidae'),(56,'Bird','Passeriformes','Sturnidae'),(57,'Bird','Passeriformes','Troglodytidae'),(58,'Bird','Passeriformes','Turdidae'),(59,'Bird','Passeriformes','Tyrannidae'),(60,'Bird','Passeriformes','Vireonidae'),(61,'Bird','Pelecaniformes','Ardeidae'),(62,'Bird','Pelecaniformes','Pelecanidae'),(63,'Bird','Piciformes','Picidae'),(64,'Bird','Podicipediformes','Podicipedidae'),(65,'Bird','Strigiformes','Strigidae'),(66,'Bird','Suliformes','Phalacrocoracidae'),(67,'Reptile','Squamata','Charinidae'),(68,'Reptile','Squamata','Colubridae'),(69,'Reptile','Testudines','Emydidae'),(70,'Amphibian','Anura','Ascaphidae'),(71,'Amphibian','Anura','Bufonidae'),(72,'Amphibian','Anura','Hylidae'),(73,'Amphibian','Anura','Ranidae'),(74,'Amphibian','Caudata','Ambystomatidae'),(75,'Fish','Cypriniformes','Catostomidae'),(76,'Fish','Cypriniformes','Leuciscidae'),(77,'Fish','Esociformes','Esocidae'),(78,'Fish','Gadiformes','Gadidae'),(79,'Fish','Percopsiformes','Percopsidae'),(80,'Fish','Salmoniformes','Salmonidae'),(81,'Fish','Scorpaeniformes','Cottidae'),(82,'Crab/Lobster/Shrimp','Amphipoda','Crangonyctidae'),(83,'Crab/Lobster/Shrimp','Anostraca','Branchinectidae'),(84,'Crab/Lobster/Shrimp','Anostraca','Chirocephalidae'),(85,'Crab/Lobster/Shrimp','Isopoda','Asellidae'),(86,'Crab/Lobster/Shrimp','Notostraca','Triopsidae'),(87,'Slug/Snail','Helicida','Arionidae'),(88,'Slug/Snail','Helicida','Cochlicopidae'),(89,'Slug/Snail','Helicida','Discidae'),(90,'Slug/Snail','Helicida','Euconulidae'),(91,'Slug/Snail','Helicida','Limacidae'),(92,'Slug/Snail','Helicida','Oreohelicidae'),(93,'Slug/Snail','Helicida','Punctidae'),(94,'Slug/Snail','Helicida','Pupillidae'),(95,'Slug/Snail','Helicida','Succineidae'),(96,'Slug/Snail','Helicida','Thysanophoridae'),(97,'Slug/Snail','Helicida','Valloniidae'),(98,'Slug/Snail','Helicida','Vitrinidae'),(99,'Slug/Snail','Helicida','Zonitidae'),(100,'Slug/Snail','Lymnaeida','Lymnaeidae'),(101,'Insect','NA','NA'),(102,'Insect','Coleoptera','Elmidae'),(103,'Insect','Diptera','Athericidae'),(104,'Insect','Diptera','Ceratopogonidae'),(105,'Insect','Diptera','Chaoboridae'),(106,'Insect','Diptera','Culicidae'),(107,'Insect','Diptera','Empididae'),(108,'Insect','Diptera','Pelecorhynchidae'),(109,'Insect','Diptera','Psychodidae'),(110,'Insect','Diptera','Tipulidae'),(111,'Insect','Ephemeroptera','Ameletidae'),(112,'Insect','Ephemeroptera','Baetidae'),(113,'Insect','Ephemeroptera','Ephemerellidae'),(114,'Insect','Ephemeroptera','Heptageniidae'),(115,'Insect','Ephemeroptera','Leptophlebiidae'),(116,'Insect','Ephemeroptera','Siphlonuridae'),(117,'Insect','Hymenoptera','Apidae'),(118,'Insect','Plecoptera','Capniidae'),(119,'Insect','Plecoptera','Chloroperlidae'),(120,'Insect','Plecoptera','Nemouridae'),(121,'Insect','Plecoptera','Peltoperlidae'),(122,'Insect','Plecoptera','Perlidae'),(123,'Insect','Plecoptera','Perlodidae'),(124,'Insect','Plecoptera','Pteronarcyidae'),(125,'Insect','Plecoptera','Taeniopterygidae'),(126,'Insect','Trichoptera','Apataniidae'),(127,'Insect','Trichoptera','Brachycentridae'),(128,'Insect','Trichoptera','Glossosomatidae'),(129,'Insect','Trichoptera','Hydropsychidae'),(130,'Insect','Trichoptera','Lepidostomatidae'),(131,'Insect','Trichoptera','Limnephilidae'),(132,'Insect','Trichoptera','Philopotamidae'),(133,'Insect','Trichoptera','Rhyacophilidae'),(134,'Insect','Trichoptera','Uenoidae'),(135,'Other Non-vertebrates','Lumbriculida','Lumbriculidae'),(136,'Other Non-vertebrates','Tricladida','Planariidae'),(137,'Fungi','Acarosporales','Acarosporaceae'),(138,'Fungi','Agyriales','Agyriaceae'),(139,'Fungi','Arthoniales','Chrysothricaceae'),(140,'Fungi','Candelariales','Candelariaceae'),(141,'Fungi','Lecanorales','Cladoniaceae'),(142,'Fungi','Lecanorales','Hymeneliaceae'),(143,'Fungi','Lecanorales','Lecanoraceae'),(144,'Fungi','Lecanorales','Mycoblastaceae'),(145,'Fungi','Lecanorales','Parmeliaceae'),(146,'Fungi','Lecanorales','Ramalinaceae'),(147,'Fungi','Lecanorales','Stereocaulaceae'),(148,'Fungi','Lecideales','Lecideaceae'),(149,'Fungi','Lecideales','Porpidiaceae'),(150,'Fungi','Ostropales','Phlyctidaceae'),(151,'Fungi','Peltigerales','Collemataceae'),(152,'Fungi','Peltigerales','Lobariaceae'),(153,'Fungi','Peltigerales','Nephromataceae'),(154,'Fungi','Peltigerales','Pannariaceae'),(155,'Fungi','Peltigerales','Peltigeraceae'),(156,'Fungi','Peltigerales','Placynthiaceae'),(157,'Fungi','Pertusariales','Icmadophilaceae'),(158,'Fungi','Pertusariales','Pertusariaceae'),(159,'Fungi','Rhizocarpales','Catillariaceae'),(160,'Fungi','Rhizocarpales','Rhizocarpaceae'),(161,'Fungi','Teloschistales','Physciaceae'),(162,'Fungi','Teloschistales','Teloschistaceae'),(163,'Fungi','Umbilicariales','Fuscideaceae'),(164,'Fungi','Umbilicariales','Umbilicariaceae'),(165,'Fungi','Verrucariales','Verrucariaceae'),(166,'Chromista','Cymbellales','Gomphonemataceae'),(167,'Chromista','Fragilariales','Fragilariaceae');
/*!40000 ALTER TABLE `species` ENABLE KEYS */;
UNLOCK TABLES;

--
-- Table structure for table `threat_status`
--

DROP TABLE IF EXISTS `threat_status`;
/*!40101 SET @saved_cs_client     = @@character_set_client */;
/*!50503 SET character_set_client = utf8mb4 */;
CREATE TABLE `threat_status` (
  `TE_status_id` int NOT NULL,
  `TE_status` varchar(10) DEFAULT NULL,
  PRIMARY KEY (`TE_status_id`)
) ENGINE=InnoDB DEFAULT CHARSET=utf8mb3;
/*!40101 SET character_set_client = @saved_cs_client */;

--
-- Dumping data for table `threat_status`
--

LOCK TABLES `threat_status` WRITE;
/*!40000 ALTER TABLE `threat_status` DISABLE KEYS */;
INSERT INTO `threat_status` VALUES (1,'50'),(2,'NA'),(3,'SC'),(4,'DM'),(5,'T'),(6,'RT'),(7,'SU'),(8,'UR');
/*!40000 ALTER TABLE `threat_status` ENABLE KEYS */;
UNLOCK TABLES;
/*!40103 SET TIME_ZONE=@OLD_TIME_ZONE */;

/*!40101 SET SQL_MODE=@OLD_SQL_MODE */;
/*!40014 SET FOREIGN_KEY_CHECKS=@OLD_FOREIGN_KEY_CHECKS */;
/*!40014 SET UNIQUE_CHECKS=@OLD_UNIQUE_CHECKS */;
/*!40101 SET CHARACTER_SET_CLIENT=@OLD_CHARACTER_SET_CLIENT */;
/*!40101 SET CHARACTER_SET_RESULTS=@OLD_CHARACTER_SET_RESULTS */;
/*!40101 SET COLLATION_CONNECTION=@OLD_COLLATION_CONNECTION */;
/*!40111 SET SQL_NOTES=@OLD_SQL_NOTES */;

-- Dump completed on 2025-12-11 14:17:25
